,Province,Pollutant,Year,Value,Per Capita,By Capita,Death,Death per Capita
0,AB,NH3,2000,139957.7765580304,2996031.75,0.04671438363696593,17745,0.005922834429241279
1,AB,CO,2000,1677587.6715244297,2996031.75,0.5599365465751255,17745,0.005922834429241279
2,AB,SOX,2000,490794.8877013029,2996031.75,0.16381498216809715,17745,0.005922834429241279
3,AB,NOX,2000,801836.5083859899,2996031.75,0.2676328474776644,17745,0.005922834429241279
4,AB,VOC,2000,630612.1689597053,2996031.75,0.21048247200975265,17745,0.005922834429241279
5,BC,NH3,2000,24071.02620397197,4037127.5,0.005962414167987503,17745,0.004395451964298873
6,BC,CO,2000,1716903.250311155,4037127.5,0.42527843133791415,17745,0.004395451964298873
7,BC,SOX,2000,80071.81692122918,4037127.5,0.019833858831862304,17745,0.004395451964298873
8,BC,NOX,2000,317658.47361329314,4037127.5,0.07868428074498345,17745,0.004395451964298873
9,BC,VOC,2000,314185.0157942773,4037127.5,0.07782390221618646,17745,0.004395451964298873
10,ON,NH3,2000,106399.51136028446,11657471.75,0.009127151550702619,17745,0.0015221996999478038
11,ON,CO,2000,3104570.9031099486,11657471.75,0.2663159705370891,17745,0.0015221996999478038
12,ON,SOX,2000,587488.2261068523,11657471.75,0.05039585243745946,17745,0.0015221996999478038
13,ON,NOX,2000,741406.0288508333,11657471.75,0.06359921299837877,17745,0.0015221996999478038
14,ON,VOC,2000,763149.1799363827,11657471.75,0.06546438166889683,17745,0.0015221996999478038
15,MB,NH3,2000,51708.00024614059,1146449.25,0.045102738081202104,17745,0.015478225486213193
16,MB,CO,2000,323479.9767479759,1146449.25,0.282158130198939,17745,0.015478225486213193
17,MB,SOX,2000,361692.8607592112,1146449.25,0.3154896396497369,17745,0.015478225486213193
18,MB,NOX,2000,75624.71754262713,1146449.25,0.06596429588368358,17745,0.015478225486213193
19,MB,VOC,2000,85976.64669199311,1146449.25,0.07499385314438743,17745,0.015478225486213193
20,NB,NH3,2000,5241.0236525657165,750524.5,0.006983147988594265,17745,0.02364346533657462
21,NB,CO,2000,267766.6874282315,750524.5,0.3567727468300256,17745,0.02364346533657462
22,NB,SOX,2000,122928.6432707288,750524.5,0.16379031366827973,17745,0.02364346533657462
23,NB,NOX,2000,88730.86081734189,750524.5,0.11822513564492816,17745,0.02364346533657462
24,NB,VOC,2000,68370.50187668271,750524.5,0.09109696202679954,17745,0.02364346533657462
25,NS,NH3,2000,4672.310838895568,934291.25,0.005000914692175023,17745,0.0189930067310381
26,NS,CO,2000,267689.380213475,934291.25,0.286515987614649,17745,0.0189930067310381
27,NS,SOX,2000,190312.9682252085,934291.25,0.20369768872951394,17745,0.0189930067310381
28,NS,NOX,2000,94813.0702866262,934291.25,0.10148127822734741,17745,0.0189930067310381
29,NS,VOC,2000,62482.01297177484,934291.25,0.06687637604630767,17745,0.0189930067310381
30,QC,NH3,2000,66526.3519657713,7353292.75,0.009047151286853268,17745,0.0024132046150345367
31,QC,CO,2000,1904562.0208288133,7353292.75,0.25900805062178617,17745,0.0024132046150345367
32,QC,SOX,2000,305482.91470711585,7353292.75,0.04154369003017265,17745,0.0024132046150345367
33,QC,NOX,2000,337729.05913962267,7353292.75,0.04592895599588669,17745,0.0024132046150345367
34,QC,VOC,2000,430688.5801723114,7353292.75,0.058570846396984726,17745,0.0024132046150345367
35,SK,NH3,2000,71233.99933134673,1008477.5,0.07063518951225657,17745,0.017595831339816705
36,SK,CO,2000,521390.10755585314,1008477.5,0.517007179194234,17745,0.017595831339816705
37,SK,SOX,2000,131109.5237096893,1008477.5,0.13000738609407675,17745,0.017595831339816705
38,SK,NOX,2000,182819.25756321003,1008477.5,0.18128243571444086,17745,0.017595831339816705
39,SK,VOC,2000,241476.3650611663,1008477.5,0.2394464577158799,17745,0.017595831339816705
40,NL,NH3,2000,1095.308005157589,529011.5,0.002070480519152398,17745,0.03354369422970956
41,NL,CO,2000,140691.91895022467,529011.5,0.2659524773095191,17745,0.03354369422970956
42,NL,SOX,2000,54455.62206290315,529011.5,0.10293844663661027,17745,0.03354369422970956
43,NL,NOX,2000,56344.56213927707,529011.5,0.10650914420438322,17745,0.03354369422970956
44,NL,VOC,2000,57310.08236575151,529011.5,0.10833428453965842,17745,0.03354369422970956
45,PE,NH3,2000,3476.155798857988,136400.25,0.02548496647812587,17745,0.13009506947384628
46,PE,CO,2000,46872.90274687031,136400.25,0.3436423521721574,17745,0.13009506947384628
47,PE,SOX,2000,2174.0950747880406,136400.25,0.015939084237661154,17745,0.13009506947384628
48,PE,NOX,2000,8752.208297907722,136400.25,0.06416563237902953,17745,0.13009506947384628
49,PE,VOC,2000,9327.848298611856,136400.25,0.06838585925327743,17745,0.13009506947384628
50,AB,NH3,2001,139163.63039002882,3051405.75,0.04560639973560672,17585,0.0057629176323076665
51,AB,CO,2001,1576101.4273097124,3051405.75,0.5165165030280593,17585,0.0057629176323076665
52,AB,SOX,2001,486094.7241083352,3051405.75,0.159301896874362,17585,0.0057629176323076665
53,AB,NOX,2001,769751.1708425825,3051405.75,0.2522611654784299,17585,0.0057629176323076665
54,AB,VOC,2001,601978.6682344684,3051405.75,0.19727912888493063,17585,0.0057629176323076665
55,BC,NH3,2001,24469.07246323144,4070989.75,0.0060105954487435,17585,0.004319588375283922
56,BC,CO,2001,1606424.987127944,4070989.75,0.39460305374827925,17585,0.004319588375283922
57,BC,SOX,2001,79950.09033425781,4070989.75,0.019638980995778193,17585,0.004319588375283922
58,BC,NOX,2001,301845.25182200875,4070989.75,0.07414542171765692,17585,0.004319588375283922
59,BC,VOC,2001,298500.236541528,4070989.75,0.07332375045688289,17585,0.004319588375283922
60,ON,NH3,2001,104775.371852801,11864653.25,0.008830883604019443,17585,0.0014821334959789069
61,ON,CO,2001,2742620.8581315875,11864653.25,0.2311589559628797,17585,0.0014821334959789069
62,ON,SOX,2001,589770.5238487036,11864653.25,0.049708197232709146,17585,0.0014821334959789069
63,ON,NOX,2001,688142.3286549269,11864653.25,0.05799936282629472,17585,0.0014821334959789069
64,ON,VOC,2001,653417.9671848541,11864653.25,0.05507265601587253,17585,0.0014821334959789069
65,MB,NH3,2001,51392.41794504378,1150436.0,0.04467212252141256,17585,0.015285509146097654
66,MB,CO,2001,289213.7669740087,1150436.0,0.2513949206857302,17585,0.015285509146097654
67,MB,SOX,2001,371076.4115275999,1150436.0,0.32255285085619706,17585,0.015285509146097654
68,MB,NOX,2001,72686.49597803115,1150436.0,0.06318169457321497,17585,0.015285509146097654
69,MB,VOC,2001,78751.90239585208,1150436.0,0.06845396214639675,17585,0.015285509146097654
70,NB,NH3,2001,5290.999653627558,749654.75,0.007057915198466437,17585,0.023457464919684694
71,NB,CO,2001,249136.1052796312,749654.75,0.3323344583351619,17585,0.023457464919684694
72,NB,SOX,2001,118678.52649512715,749654.75,0.1583109111162534,17585,0.023457464919684694
73,NB,NOX,2001,84921.88219047479,749654.75,0.11328132342318219,17585,0.023457464919684694
74,NB,VOC,2001,60076.5260426364,749654.75,0.0801389253421477,17585,0.023457464919684694
75,NS,NH3,2001,4549.786295968746,933050.5,0.004876248708905623,17585,0.018846782676821886
76,NS,CO,2001,237884.8925282565,933050.5,0.2549539307124925,17585,0.018846782676821886
77,NS,SOX,2001,184152.1414867565,933050.5,0.19736567472688402,17585,0.018846782676821886
78,NS,NOX,2001,94832.23116985144,933050.5,0.10163676153632782,17585,0.018846782676821886
79,NS,VOC,2001,54534.68836295126,933050.5,0.058447734997142446,17585,0.018846782676821886
80,QC,NH3,2001,68454.70920937689,7391445.5,0.009261342616863899,17585,0.00237910162497985
81,QC,CO,2001,1779296.9136454277,7391445.5,0.24072380884705538,17585,0.00237910162497985
82,QC,SOX,2001,275765.3521066364,7391445.5,0.03730871750412506,17585,0.00237910162497985
83,QC,NOX,2001,318050.8697994841,7391445.5,0.0430295900577883,17585,0.00237910162497985
84,QC,VOC,2001,386597.2042512996,7391445.5,0.05230332879425271,17585,0.00237910162497985
85,SK,NH3,2001,72399.30858496515,1001131.5,0.07231748135481218,17585,0.017565125060993485
86,SK,CO,2001,494104.3678235838,1001131.5,0.49354592061440855,17585,0.017565125060993485
87,SK,SOX,2001,136518.8591181102,1001131.5,0.13636456261551075,17585,0.017565125060993485
88,SK,NOX,2001,173505.84508188508,1001131.5,0.17330974510529845,17585,0.017565125060993485
89,SK,VOC,2001,239105.8825748909,1001131.5,0.23883564004817637,17585,0.017565125060993485
90,NL,NH3,2001,1122.424872535575,523040.25,0.0021459627103948024,17585,0.03362073951287688
91,NL,CO,2001,131487.04513681773,523040.25,0.2513899171943607,17585,0.03362073951287688
92,NL,SOX,2001,60090.93886838556,523040.25,0.1148877908887233,17585,0.03362073951287688
93,NL,NOX,2001,57338.09528039561,523040.25,0.10962463267481921,17585,0.03362073951287688
94,NL,VOC,2001,50970.54872377856,523040.25,0.09745052837478292,17585,0.03362073951287688
95,PE,NH3,2001,3395.9387649369837,136604.25,0.02485968602687679,17585,0.1287295234225875
96,PE,CO,2001,42474.63995232412,136604.25,0.3109320533755291,17585,0.1287295234225875
97,PE,SOX,2001,2091.9216202784564,136604.25,0.015313737458962341,17585,0.1287295234225875
98,PE,NOX,2001,8210.43773697808,136604.25,0.0601038235412008,17585,0.1287295234225875
99,PE,VOC,2001,8219.983582749353,136604.25,0.06017370310769506,17585,0.1287295234225875
100,AB,NH3,2002,139037.73831332734,3118455.5,0.04458544889074971,17761,0.00569544763425356
101,AB,CO,2002,1474691.5433326764,3118455.5,0.4728916424597614,17761,0.00569544763425356
102,AB,SOX,2002,467389.4774019199,3118455.5,0.14987851434850358,17761,0.00569544763425356
103,AB,NOX,2002,739044.5836218625,3118455.5,0.2369905819152662,17761,0.00569544763425356
104,AB,VOC,2002,584834.3157174744,3118455.5,0.18753973424263212,17761,0.00569544763425356
105,BC,NH3,2002,23106.8223825014,4097597.75,0.005639114376832475,17761,0.00433449086113931
106,BC,CO,2002,1516065.8700079492,4097597.75,0.36998894535412835,17761,0.00433449086113931
107,BC,SOX,2002,67490.22609686853,4097597.75,0.01647068116846475,17761,0.00433449086113931
108,BC,NOX,2002,311921.3234300143,4097597.75,0.07612297313224908,17761,0.00433449086113931
109,BC,VOC,2002,293137.8668532275,4097597.75,0.07153895641738564,17761,0.00433449086113931
110,ON,NH3,2002,111576.55992892515,12062749.0,0.00924967931678966,17761,0.0014723841141020177
111,ON,CO,2002,2628007.797295253,12062749.0,0.21786143418015685,17761,0.0014723841141020177
112,ON,SOX,2002,598918.3693935213,12062749.0,0.04965023887950593,17761,0.0014723841141020177
113,ON,NOX,2002,657254.9588559697,12062749.0,0.05448633299556923,17761,0.0014723841141020177
114,ON,VOC,2002,636176.5831072411,12062749.0,0.052738938952243894,17761,0.0014723841141020177
115,MB,NH3,2002,53829.164945019744,1155388.0,0.04658968670699345,17761,0.015372325140991598
116,MB,CO,2002,299529.34187779087,1155388.0,0.25924567494018536,17761,0.015372325140991598
117,MB,SOX,2002,380861.5214438,1155388.0,0.32963949897679395,17761,0.015372325140991598
118,MB,NOX,2002,71476.83072556187,1155388.0,0.061863919934742155,17761,0.015372325140991598
119,MB,VOC,2002,78680.9432018662,1155388.0,0.0680991521479072,17761,0.015372325140991598
120,NB,NH3,2002,5337.07445172883,749048.5,0.007125138694929408,17761,0.02371141521543665
121,NB,CO,2002,262544.43721087376,749048.5,0.350503922257202,17761,0.02371141521543665
122,NB,SOX,2002,120092.67482876928,749048.5,0.16032696791832474,17761,0.02371141521543665
123,NB,NOX,2002,83501.0712269914,749048.5,0.11147618775952611,17761,0.02371141521543665
124,NB,VOC,2002,62410.7412636715,749048.5,0.0833200270258488,17761,0.02371141521543665
125,NS,NH3,2002,4522.00478569874,934774.25,0.00483753674825632,17761,0.019000309432999466
126,NS,CO,2002,229356.4712578136,934774.25,0.2453602795089976,17761,0.019000309432999466
127,NS,SOX,2002,177321.4692197094,934774.25,0.18969443073523837,17761,0.019000309432999466
128,NS,NOX,2002,95840.02710484718,934774.25,0.102527457410008,17761,0.019000309432999466
129,NS,VOC,2002,51815.31837166934,934774.25,0.055430836238449376,17761,0.019000309432999466
130,QC,NH3,2002,69670.08421241246,7435861.5,0.009369470398609827,17761,0.0023885598191951264
131,QC,CO,2002,1764475.774849631,7435861.5,0.23729271649957856,17761,0.0023885598191951264
132,QC,SOX,2002,239890.3010039493,7435861.5,0.032261265356266965,17761,0.0023885598191951264
133,QC,NOX,2002,309643.81089369574,7435861.5,0.04164195512432497,17761,0.0023885598191951264
134,QC,VOC,2002,380934.0434005343,7435861.5,0.05122930858792008,17761,0.0023885598191951264
135,SK,NH3,2002,71857.52960054718,997376.75,0.07204652564895579,17761,0.017807714085976038
136,SK,CO,2002,483918.6821718534,997376.75,0.4851914606710587,17761,0.017807714085976038
137,SK,SOX,2002,148372.39879054023,997376.75,0.14876264038693526,17761,0.017807714085976038
138,SK,NOX,2002,177785.00909285876,997376.75,0.17825261025270417,17761,0.017807714085976038
139,SK,VOC,2002,239626.6430176893,997376.75,0.24025689692254135,17761,0.017807714085976038
140,NL,NH3,2002,1088.3995364240634,520141.5,0.0020925066283387565,17761,0.034146477448924954
141,NL,CO,2002,130327.82024772905,520141.5,0.25056224171255137,17761,0.034146477448924954
142,NL,SOX,2002,58204.289553806375,520141.5,0.11190087611506941,17761,0.034146477448924954
143,NL,NOX,2002,59720.14272523672,520141.5,0.1148151853394446,17761,0.034146477448924954
144,NL,VOC,2002,65637.88102292884,520141.5,0.1261923553935397,17761,0.034146477448924954
145,PE,NH3,2002,3453.191659086092,136927.0,0.02521921651015572,17761,0.12971145208760873
146,PE,CO,2002,42152.90376558656,136927.0,0.30784946552240655,17761,0.12971145208760873
147,PE,SOX,2002,2125.359130683079,136927.0,0.01552184105898091,17761,0.12971145208760873
148,PE,NOX,2002,7785.170208508381,136927.0,0.05685635563846707,17761,0.12971145208760873
149,PE,VOC,2002,8121.89501605934,136927.0,0.05931551130207585,17761,0.12971145208760873
150,AB,NH3,2003,131606.19967270968,3176268.75,0.0414342141774715,18472,0.005815628794005545
151,AB,CO,2003,1655205.536513646,3176268.75,0.5211163370585835,18472,0.005815628794005545
152,AB,SOX,2003,467641.8015550517,3176268.75,0.1472299223908719,18472,0.005815628794005545
153,AB,NOX,2003,768416.7428231763,3176268.75,0.24192434686868872,18472,0.005815628794005545
154,AB,VOC,2003,607456.3709643948,3176268.75,0.19124841717641014,18472,0.005815628794005545
155,BC,NH3,2003,23889.17417075541,4121071.75,0.0057968352943030925,18472,0.004482329141685048
156,BC,CO,2003,1453360.9633557766,4121071.75,0.35266577519689546,18472,0.004482329141685048
157,BC,SOX,2003,65659.59900223221,4121071.75,0.01593265125806951,18472,0.004482329141685048
158,BC,NOX,2003,294701.7355356199,4121071.75,0.0715109450680202,18472,0.004482329141685048
159,BC,VOC,2003,289051.3048786525,4121071.75,0.07013983798720624,18472,0.004482329141685048
160,ON,NH3,2003,106392.2800179042,12222239.75,0.0087048104270663,18472,0.0015113432871417859
161,ON,CO,2003,2407115.545967362,12222239.75,0.19694553495952835,18472,0.0015113432871417859
162,ON,SOX,2003,525611.7812709745,12222239.75,0.04300453861338913,18472,0.0015113432871417859
163,ON,NOX,2003,599712.784925121,12222239.75,0.04906733930866648,18472,0.0015113432871417859
164,ON,VOC,2003,605578.343667086,12222239.75,0.049547247972049145,18472,0.0015113432871417859
165,MB,NH3,2003,56404.06551229634,1162089.5,0.04853676546625397,18472,0.01589550546666156
166,MB,CO,2003,301371.9701701736,1162089.5,0.25933628190442615,18472,0.01589550546666156
167,MB,SOX,2003,366580.04392353946,1162089.5,0.3154490630227185,18472,0.01589550546666156
168,MB,NOX,2003,69481.46752221696,1162089.5,0.059790117303544145,18472,0.01589550546666156
169,MB,VOC,2003,77944.72558480057,1162089.5,0.06707291098043702,18472,0.01589550546666156
170,NB,NH3,2003,5583.594990444116,749351.75,0.007451233670227788,18472,0.024650639702916553
171,NB,CO,2003,241749.24515186052,749351.75,0.32261117045747945,18472,0.024650639702916553
172,NB,SOX,2003,110720.85353204946,749351.75,0.14775551472596074,18472,0.024650639702916553
173,NB,NOX,2003,79852.20766913038,749351.75,0.10656171506789752,18472,0.024650639702916553
174,NB,VOC,2003,59882.70510514399,749351.75,0.07991267799820845,18472,0.024650639702916553
175,NS,NH3,2003,4664.365817617882,936954.0,0.004978222855783616,18472,0.019714948652762035
176,NS,CO,2003,219309.264235009,936954.0,0.23406620200672498,18472,0.019714948652762035
177,NS,SOX,2003,184118.2910078735,936954.0,0.1965072895871873,18472,0.019714948652762035
178,NS,NOX,2003,96231.418198575,936954.0,0.10270666243868429,18472,0.019714948652762035
179,NS,VOC,2003,50674.73066832164,936954.0,0.05408454488515086,18472,0.019714948652762035
180,QC,NH3,2003,66670.56911640572,7480688.25,0.008912357645221443,18472,0.0024692915120477048
181,QC,CO,2003,1779960.1024675192,7480688.25,0.23794068713764663,18472,0.0024692915120477048
182,QC,SOX,2003,266079.0425738999,7480688.25,0.03556879175841874,18472,0.0024692915120477048
183,QC,NOX,2003,324281.2184795011,7480688.25,0.043349115434599364,18472,0.0024692915120477048
184,QC,VOC,2003,371202.5653075436,7480688.25,0.04962144563470395,18472,0.0024692915120477048
185,SK,NH3,2003,79666.24959408662,996232.5,0.07996752725301234,18472,0.01854185644415335
186,SK,CO,2003,475420.8607557692,996232.5,0.4772187825189092,18472,0.01854185644415335
187,SK,SOX,2003,147605.80367019438,996232.5,0.1481640115838365,18472,0.01854185644415335
188,SK,NOX,2003,173636.09652775683,996232.5,0.17429274444244375,18472,0.01854185644415335
189,SK,VOC,2003,240782.867616596,996232.5,0.24169344768073314,18472,0.01854185644415335
190,NL,NH3,2003,1121.9201065031498,518820.25,0.0021624447127943634,18472,0.03560385316494489
191,NL,CO,2003,118698.66978083205,518820.25,0.2287857302810213,18472,0.03560385316494489
192,NL,SOX,2003,54455.23553607224,518820.25,0.1049597341970986,18472,0.03560385316494489
193,NL,NOX,2003,62657.03962440597,518820.25,0.12076830005075162,18472,0.03560385316494489
194,NL,VOC,2003,32614.475412974847,518820.25,0.06286276492287039,18472,0.03560385316494489
195,PE,NH3,2003,3600.4188743548675,137212.25,0.026239777238219384,18472,0.13462354855342726
196,PE,CO,2003,38079.09840960889,137212.25,0.27751967050761783,18472,0.13462354855342726
197,PE,SOX,2003,2487.552866855326,137212.25,0.018129233117708705,18472,0.13462354855342726
198,PE,NOX,2003,7422.541951179388,137212.25,0.05409533005383548,18472,0.13462354855342726
199,PE,VOC,2003,7768.584446017187,137212.25,0.05661728049803998,18472,0.13462354855342726
200,AB,NH3,2004,137301.1888117309,3233030.0,0.042468269336112224,19607,0.006064589564588018
201,AB,CO,2004,1383843.872199306,3233030.0,0.42803310584785975,19607,0.006064589564588018
202,AB,SOX,2004,460344.60437018535,3233030.0,0.14238797795572122,19607,0.006064589564588018
203,AB,NOX,2004,673894.1361266741,3233030.0,0.20844042156326237,19607,0.006064589564588018
204,AB,VOC,2004,586015.7912882771,3233030.0,0.18125900201615114,19607,0.006064589564588018
205,BC,NH3,2004,24867.369304146465,4152339.5,0.00598876110783968,19607,0.00472191640399346
206,BC,CO,2004,1404280.1154602463,4152339.5,0.3381901011370208,19607,0.00472191640399346
207,BC,SOX,2004,71837.34705743834,4152339.5,0.017300451241387738,19607,0.00472191640399346
208,BC,NOX,2004,309875.8561902384,4152339.5,0.074626811268741,19607,0.00472191640399346
209,BC,VOC,2004,278032.8688500735,4152339.5,0.06695812537728996,19607,0.00472191640399346
210,ON,NH3,2004,105587.83771730724,12369015.25,0.008536478901770877,19607,0.0015851706545515012
211,ON,CO,2004,2339438.532122806,12369015.25,0.18913700766298322,19607,0.0015851706545515012
212,ON,SOX,2004,527485.6099768932,12369015.25,0.04264572395744222,19607,0.0015851706545515012
213,ON,NOX,2004,562197.282154124,12369015.25,0.045452064759490374,19607,0.0015851706545515012
214,ON,VOC,2004,594072.4707137287,12369015.25,0.04802908386047375,19607,0.0015851706545515012
215,MB,NH3,2004,58058.27106445188,1171479.0,0.04955980522438036,19607,0.016736962421007973
216,MB,CO,2004,280882.0023357539,1171479.0,0.2397669973902681,19607,0.016736962421007973
217,MB,SOX,2004,383288.9334707773,1171479.0,0.32718378517308233,19607,0.016736962421007973
218,MB,NOX,2004,67179.7678688485,1171479.0,0.057346113646807584,19607,0.016736962421007973
219,MB,VOC,2004,77735.48460516497,1171479.0,0.06635670345363849,19607,0.016736962421007973
220,NB,NH3,2004,5674.618101856227,749297.0,0.007573256134558429,19607,0.02616719404988943
221,NB,CO,2004,240388.17357564348,749297.0,0.3208182784338433,19607,0.02616719404988943
222,NB,SOX,2004,112785.9995298864,749297.0,0.15052242239043584,19607,0.02616719404988943
223,NB,NOX,2004,76795.55272286739,749297.0,0.102490137719579,19607,0.02616719404988943
224,NB,VOC,2004,59986.77189708205,749297.0,0.08005740300185647,19607,0.02616719404988943
225,NS,NH3,2004,4634.4312974320255,939332.0,0.0049337521743452,19607,0.0208733440359745
226,NS,CO,2004,207243.2943168725,939332.0,0.22062837667286167,19607,0.0208733440359745
227,NS,SOX,2004,183568.08558762664,939332.0,0.19542407326443328,19607,0.0208733440359745
228,NS,NOX,2004,94490.0735038002,939332.0,0.10059283991581273,19607,0.0208733440359745
229,NS,VOC,2004,50102.50600461768,939332.0,0.05333844264287566,19607,0.0208733440359745
230,QC,NH3,2004,68643.32992920426,7529977.75,0.009116007006687937,19607,0.002603858955625732
231,QC,CO,2004,1738461.3288793718,7529977.75,0.2308720406085359,19607,0.002603858955625732
232,QC,SOX,2004,260449.2681514712,7529977.75,0.03458831842517346,19607,0.002603858955625732
233,QC,NOX,2004,314169.67046782054,7529977.75,0.04172252308020705,19607,0.002603858955625732
234,QC,VOC,2004,373831.0366332188,7529977.75,0.04964570268925679,19607,0.002603858955625732
235,SK,NH3,2004,83829.72945242604,996978.5,0.08408378861974058,19607,0.019666422094358104
236,SK,CO,2004,458204.1237915268,996978.5,0.4595927833865292,19607,0.019666422094358104
237,SK,SOX,2004,148582.8098587011,996978.5,0.14903311341087205,19607,0.019666422094358104
238,SK,NOX,2004,172841.9687395166,996978.5,0.1733657934845301,19607,0.019666422094358104
239,SK,VOC,2004,243646.6210500245,996978.5,0.24438503041943682,19607,0.019666422094358104
240,NL,NH3,2004,1116.2766029386034,517752.0,0.002156006356206453,19607,0.037869481914121046
241,NL,CO,2004,110431.78577100528,517752.0,0.21329089172230195,19607,0.037869481914121046
242,NL,SOX,2004,49405.12020171081,517752.0,0.09542236476481174,19607,0.037869481914121046
243,NL,NOX,2004,57056.79966917122,517752.0,0.11020102224457118,19607,0.037869481914121046
244,NL,VOC,2004,31020.89995327968,517752.0,0.05991459222423029,19607,0.037869481914121046
245,PE,NH3,2004,3709.513396501229,137628.5,0.026953090359200522,19607,0.14246322527674138
246,PE,CO,2004,40220.34961115803,137628.5,0.292238523352053,19607,0.14246322527674138
247,PE,SOX,2004,3681.071988881565,137628.5,0.02674643688539485,19607,0.14246322527674138
248,PE,NOX,2004,7542.337785966773,137628.5,0.05480215061536508,19607,0.14246322527674138
249,PE,VOC,2004,8353.423294662678,137628.5,0.06069544676184568,19607,0.14246322527674138
250,AB,NH3,2005,140536.8231305167,3310397.5,0.04245315649571289,20485,0.006188078621978176
251,AB,CO,2005,1278700.4085667166,3310397.5,0.3862679356683651,20485,0.006188078621978176
252,AB,SOX,2005,460387.8603268887,3310397.5,0.13907328661494237,20485,0.006188078621978176
253,AB,NOX,2005,659924.4411432793,3310397.5,0.199349002995344,20485,0.006188078621978176
254,AB,VOC,2005,589724.6197307677,3310397.5,0.17814314435978387,20485,0.006188078621978176
255,BC,NH3,2005,25157.41696192914,4191427.25,0.006002112278563141,20485,0.004887356687390912
256,BC,CO,2005,1184191.9814880388,4191427.25,0.2825271466868568,20485,0.004887356687390912
257,BC,SOX,2005,65170.85023986548,4191427.25,0.015548605845387267,20485,0.004887356687390912
258,BC,NOX,2005,285108.1199406412,4191427.25,0.06802172695246976,20485,0.004887356687390912
259,BC,VOC,2005,255739.56282177803,4191427.25,0.061014911524893585,20485,0.004887356687390912
260,ON,NH3,2005,101612.7294314406,12508006.75,0.008123814726230508,20485,0.0016377509550032823
261,ON,CO,2005,2082552.8339548428,12508006.75,0.16649757835754628,20485,0.0016377509550032823
262,ON,SOX,2005,500353.8182058007,12508006.75,0.0400026821384471,20485,0.0016377509550032823
263,ON,NOX,2005,538745.0453593504,12508006.75,0.04307201428072066,20485,0.0016377509550032823
264,ON,VOC,2005,586758.6632459441,12508006.75,0.04691064491518156,20485,0.0016377509550032823
265,MB,NH3,2005,55415.49126414799,1177671.5,0.04705513486922965,20485,0.01739449413524909
266,MB,CO,2005,258579.08933985457,1177671.5,0.2195680963153601,20485,0.01739449413524909
267,MB,SOX,2005,397171.9901197856,1177671.5,0.33725193325964464,20485,0.01739449413524909
268,MB,NOX,2005,66465.3129038366,1177671.5,0.05643790556520779,20485,0.01739449413524909
269,MB,VOC,2005,81055.381811961,1177671.5,0.06882681784518092,20485,0.01739449413524909
270,NB,NH3,2005,5663.548261388308,748356.0,0.007567986708716584,20485,0.027373335685155195
271,NB,CO,2005,214054.6882908808,748356.0,0.2860332359076172,20485,0.027373335685155195
272,NB,SOX,2005,92979.17409172418,748356.0,0.12424457623340253,20485,0.027373335685155195
273,NB,NOX,2005,70289.64151028657,748356.0,0.09392540650477389,20485,0.027373335685155195
274,NB,VOC,2005,53964.4163123107,748356.0,0.07211062156555262,20485,0.027373335685155195
275,NS,NH3,2005,4552.2065321595055,938471.25,0.004850661682134115,20485,0.021828052803961762
276,NS,CO,2005,190488.65814619983,938471.25,0.20297761721118238,20485,0.021828052803961762
277,NS,SOX,2005,150102.99061073846,938471.25,0.1599441545073847,20485,0.021828052803961762
278,NS,NOX,2005,89864.57754414942,938471.25,0.09575634580617086,20485,0.021828052803961762
279,NS,VOC,2005,49287.40680184124,938471.25,0.052518824419865016,20485,0.021828052803961762
280,QC,NH3,2005,67601.25515038022,7576823.75,0.008922110026695582,20485,0.002703639503294504
281,QC,CO,2005,1564427.1870825875,7576823.75,0.2064753303892792,20485,0.002703639503294504
282,QC,SOX,2005,220495.71123696456,7576823.75,0.029101338306432765,20485,0.002703639503294504
283,QC,NOX,2005,292840.7235636912,7576823.75,0.038649536167934644,20485,0.002703639503294504
284,QC,VOC,2005,361411.7491879815,7576823.75,0.04769963788427591,20485,0.002703639503294504
285,SK,NH3,2005,84043.0184468456,994395.0,0.08451673474509185,20485,0.02060046560974261
286,SK,CO,2005,406666.2692950118,994395.0,0.40895848158429177,20485,0.02060046560974261
287,SK,SOX,2005,148983.95973485278,994395.0,0.14982372169495298,20485,0.02060046560974261
288,SK,NOX,2005,172857.77336050698,994395.0,0.1738321022938641,20485,0.02060046560974261
289,SK,VOC,2005,238440.17921530563,994395.0,0.23978416948527057,20485,0.02060046560974261
290,NL,NH3,2005,1139.1104282424444,515056.0,0.002211624421892851,20485,0.03977237426609922
291,NL,CO,2005,105607.46108678158,515056.0,0.20504073554483704,20485,0.03977237426609922
292,NL,SOX,2005,48883.17670609041,515056.0,0.0949084695762993,20485,0.03977237426609922
293,NL,NOX,2005,58686.07255748084,515056.0,0.11394114922936698,20485,0.03977237426609922
294,NL,VOC,2005,31892.35822147514,515056.0,0.06192017610022044,20485,0.03977237426609922
295,PE,NH3,2005,3734.602407151813,137917.75,0.027078475447517184,20485,0.14853055534911205
296,PE,CO,2005,37765.115353212765,137917.75,0.273823458932681,20485,0.14853055534911205
297,PE,SOX,2005,2349.72700503579,137917.75,0.017037161678143606,20485,0.14853055534911205
298,PE,NOX,2005,6874.550380876918,137917.75,0.04984529098594574,20485,0.14853055534911205
299,PE,VOC,2005,8487.849752482605,137917.75,0.06154283805008859,20485,0.14853055534911205
300,AB,NH3,2006,138078.04250873503,3411000.75,0.040480214643381425,19069,0.005590441456220729
301,AB,CO,2006,1192713.6845471866,3411000.75,0.34966679047115035,19069,0.005590441456220729
302,AB,SOX,2006,428250.56688984286,3411000.75,0.12554983076149803,19069,0.005590441456220729
303,AB,NOX,2006,652543.7569066547,3411000.75,0.191305662101263,19069,0.005590441456220729
304,AB,VOC,2006,592127.6114556657,3411000.75,0.17359351546775992,19069,0.005590441456220729
305,BC,NH3,2006,21528.07901220215,4236599.25,0.005081452774227383,19069,0.00450101576163948
306,BC,CO,2006,1019781.5078473636,4236599.25,0.24070756936648272,19069,0.00450101576163948
307,BC,SOX,2006,65583.44409919913,4236599.25,0.015480209533436312,19069,0.00450101576163948
308,BC,NOX,2006,264441.2001467402,4236599.25,0.06241827100987666,19069,0.00450101576163948
309,BC,VOC,2006,232344.6582304473,4236599.25,0.05484225543174689,19069,0.00450101576163948
310,ON,NH3,2006,102643.94682651204,12642211.75,0.00811914472374757,19069,0.0015083594846447656
311,ON,CO,2006,1944532.9436192864,12642211.75,0.15381271743208116,19069,0.0015083594846447656
312,ON,SOX,2006,446972.2992604996,12642211.75,0.03535554601515827,19069,0.0015083594846447656
313,ON,NOX,2006,484232.3455866296,12642211.75,0.03830281877588623,19069,0.0015083594846447656
314,ON,VOC,2006,543175.9435433378,12642211.75,0.04296526227250843,19069,0.0015083594846447656
315,MB,NH3,2006,58361.670749780256,1182274.5,0.049363892014739605,19069,0.016129080006377538
316,MB,CO,2006,245213.1090692045,1182274.5,0.207407931972824,19069,0.016129080006377538
317,MB,SOX,2006,390430.4686320983,1182274.5,0.3302367332054428,19069,0.016129080006377538
318,MB,NOX,2006,59596.08749118106,1182274.5,0.050407995343874086,19069,0.016129080006377538
319,MB,VOC,2006,79103.47182060988,1182274.5,0.06690787276610455,19069,0.016129080006377538
320,NB,NH3,2006,4772.791176931575,745979.0,0.006398023505931903,19069,0.025562381782865202
321,NB,CO,2006,210119.20133269925,745979.0,0.2816690568135286,19069,0.025562381782865202
322,NB,SOX,2006,60436.00323428326,745979.0,0.08101568976376447,19069,0.025562381782865202
323,NB,NOX,2006,61366.53003180855,745979.0,0.08226307983443039,19069,0.025562381782865202
324,NB,VOC,2006,49961.1405351696,745979.0,0.06697392357582399,19069,0.025562381782865202
325,NS,NH3,2006,4351.342644763634,937677.25,0.004640554780190768,19069,0.020336421727198777
326,NS,CO,2006,177281.3717220738,937677.25,0.18906438406399834,19069,0.020336421727198777
327,NS,SOX,2006,124488.07381961169,937677.25,0.1327621778384958,19069,0.020336421727198777
328,NS,NOX,2006,75504.25958811947,937677.25,0.08052265274444856,19069,0.020336421727198777
329,NS,VOC,2006,44309.29144255565,937677.25,0.047254309990517156,19069,0.020336421727198777
330,QC,NH3,2006,64224.07135417954,7626205.25,0.00842149788116174,19069,0.0025004572228107813
331,QC,CO,2006,1499335.372293136,7626205.25,0.196603071008761,19069,0.0025004572228107813
332,QC,SOX,2006,186828.03564118288,7626205.25,0.02449816514460883,19069,0.0025004572228107813
333,QC,NOX,2006,268179.2903652213,7626205.25,0.03516549601982209,19069,0.0025004572228107813
334,QC,VOC,2006,332377.35492208565,7626205.25,0.04358358371250048,19069,0.0025004572228107813
335,SK,NH3,2006,80035.94268499562,992285.0,0.0806582208589222,19069,0.01921726116992598
336,SK,CO,2006,411187.13102432166,992285.0,0.4143841043896881,19069,0.01921726116992598
337,SK,SOX,2006,135826.16484959028,992285.0,0.13688221110829074,19069,0.01921726116992598
338,SK,NOX,2006,166610.53149947454,992285.0,0.1679059257163764,19069,0.01921726116992598
339,SK,VOC,2006,232816.04464268236,992285.0,0.23462618566508853,19069,0.01921726116992598
340,NL,NH3,2006,904.6776032474704,511111.5,0.0017700200509037077,19069,0.03730888465628342
341,NL,CO,2006,101038.88165017066,511111.5,0.1976846180337767,19069,0.03730888465628342
342,NL,SOX,2006,44859.81851917979,511111.5,0.08776914336535137,19069,0.03730888465628342
343,NL,NOX,2006,53455.54948320695,511111.5,0.10458686506409454,19069,0.03730888465628342
344,NL,VOC,2006,28626.044374641697,511111.5,0.056007435509945865,19069,0.03730888465628342
345,PE,NH3,2006,3467.844194731675,137879.5,0.02515126755414456,19069,0.1383019230560018
346,PE,CO,2006,36807.32877691728,137879.5,0.26695287390016126,19069,0.1383019230560018
347,PE,SOX,2006,2207.5145420288977,137879.5,0.016010462338700807,19069,0.1383019230560018
348,PE,NOX,2006,6142.776766744547,137879.5,0.04455177721666054,19069,0.1383019230560018
349,PE,VOC,2006,8134.24415069938,137879.5,0.058995312216097245,19069,0.1383019230560018
350,AB,NH3,2007,140063.53230788346,3502793.25,0.03998624021211742,20518,0.005857610922368884
351,AB,CO,2007,1154640.544735931,3502793.25,0.3296342268376619,20518,0.005857610922368884
352,AB,SOX,2007,406947.06383835,3502793.25,0.11617787142828084,20518,0.005857610922368884
353,AB,NOX,2007,674084.7392267365,3502793.25,0.19244205727150368,20518,0.005857610922368884
354,AB,VOC,2007,576275.3541153171,3502793.25,0.16451880341933317,20518,0.005857610922368884
355,BC,NH3,2007,21929.854557585822,4286272.5,0.005116299665405273,20518,0.004786909838326891
356,BC,CO,2007,966698.8442143052,4286272.5,0.22553368788715725,20518,0.004786909838326891
357,BC,SOX,2007,63996.48966519895,4286272.5,0.014930569548529391,20518,0.004786909838326891
358,BC,NOX,2007,263418.6530193879,4286272.5,0.061456347681904944,20518,0.004786909838326891
359,BC,VOC,2007,222012.27519700569,4286272.5,0.05179611776829534,20518,0.004786909838326891
360,ON,NH3,2007,100540.34632964122,12750395.0,0.007885273070335564,20518,0.0016092050481573317
361,ON,CO,2007,1905567.3748188836,12750395.0,0.14945163462142808,20518,0.0016092050481573317
362,ON,SOX,2007,418310.70745775744,12750395.0,0.03280766654348806,20518,0.0016092050481573317
363,ON,NOX,2007,464193.6635173786,12750395.0,0.03640621827930653,20518,0.0016092050481573317
364,ON,VOC,2007,529903.4665700393,12750395.0,0.04155976866364056,20518,0.0016092050481573317
365,MB,NH3,2007,58139.11616917103,1188018.5,0.04893788789414561,20518,0.017270774823792728
366,MB,CO,2007,223685.79089787087,1188018.5,0.1882847707319969,20518,0.017270774823792728
367,MB,SOX,2007,397805.0600583623,1188018.5,0.3348475297803547,20518,0.017270774823792728
368,MB,NOX,2007,59757.71618138886,1188018.5,0.05030032460049137,20518,0.017270774823792728
369,MB,VOC,2007,74991.72933829157,1188018.5,0.0631233683131126,20518,0.017270774823792728
370,NB,NH3,2007,4543.817642839976,745340.5,0.006096297789855745,20518,0.027528357844501944
371,NB,CO,2007,203928.6391955406,745340.5,0.27360466685433116,20518,0.027528357844501944
372,NB,SOX,2007,67454.908897279,745340.5,0.09050213814663098,20518,0.027528357844501944
373,NB,NOX,2007,58689.18264221796,745340.5,0.07874143782904318,20518,0.027528357844501944
374,NB,VOC,2007,49087.75932907562,745340.5,0.06585950894802525,20518,0.027528357844501944
375,NS,NH3,2007,4224.610000010973,935423.0,0.004516256281929109,20518,0.021934461735492926
376,NS,CO,2007,174702.9275677172,935423.0,0.1867635578425132,20518,0.021934461735492926
377,NS,SOX,2007,126901.0209632231,935423.0,0.13566164287517316,20518,0.021934461735492926
378,NS,NOX,2007,70763.70708966386,935423.0,0.07564888514571895,20518,0.021934461735492926
379,NS,VOC,2007,44768.01318279486,935423.0,0.04785857647587761,20518,0.021934461735492926
380,QC,NH3,2007,67293.11595140157,7685514.25,0.008755837769919114,20518,0.002669697736882083
381,QC,CO,2007,1554763.5721833778,7685514.25,0.20229792328904703,20518,0.002669697736882083
382,QC,SOX,2007,167190.08225092207,7685514.25,0.021753922614992493,20518,0.002669697736882083
383,QC,NOX,2007,262139.8989946894,7685514.25,0.03410830953760698,20518,0.002669697736882083
384,QC,VOC,2007,338995.77007324644,7685514.25,0.04410840433654084,20518,0.002669697736882083
385,SK,NH3,2007,82477.46445191129,1000533.25,0.0824335067844185,20518,0.02050706460779789
386,SK,CO,2007,432487.6370636645,1000533.25,0.43225713594592136,20518,0.02050706460779789
387,SK,SOX,2007,146069.69284932088,1000533.25,0.14599184269920154,20518,0.02050706460779789
388,SK,NOX,2007,179399.70466691314,1000533.25,0.1793040907605151,20518,0.02050706460779789
389,SK,VOC,2007,238033.05630185845,1000533.25,0.23790619282453476,20518,0.02050706460779789
390,NL,NH3,2007,934.9875904281412,509695.75,0.0018344033483271955,20518,0.0402553876503777
391,NL,CO,2007,108612.01072323191,509695.75,0.2130918508212633,20518,0.0402553876503777
392,NL,SOX,2007,43822.76448788376,509695.75,0.08597828113709749,20518,0.0402553876503777
393,NL,NOX,2007,54989.66637608261,509695.75,0.10788723738834906,20518,0.0402553876503777
394,NL,VOC,2007,35561.1117902749,509695.75,0.06976929234798387,20518,0.0402553876503777
395,PE,NH3,2007,3306.742191906817,137805.75,0.023995676464202816,20518,0.1488907393196583
396,PE,CO,2007,38472.49349130616,137805.75,0.2791791597324942,20518,0.1488907393196583
397,PE,SOX,2007,1745.7183292323816,137805.75,0.012667964357310066,20518,0.1488907393196583
398,PE,NOX,2007,5921.656395786297,137805.75,0.042971040002222675,20518,0.1488907393196583
399,PE,VOC,2007,8897.10783411235,137805.75,0.06456267488194324,20518,0.1488907393196583
400,AB,NH3,2008,138610.94087225283,3582850.5,0.038687335927706956,20728,0.0057853376801516
401,AB,CO,2008,1145371.1686651632,3582850.5,0.3196815409030221,20728,0.0057853376801516
402,AB,SOX,2008,382065.4206025985,3582850.5,0.10663727682821221,20728,0.0057853376801516
403,AB,NOX,2008,680535.9776006247,3582850.5,0.1899426106672954,20728,0.0057853376801516
404,AB,VOC,2008,565034.7073398363,3582850.5,0.15770535425350188,20728,0.0057853376801516
405,BC,NH3,2008,21971.572121546706,4342952.75,0.005059132204822331,20728,0.004772789664819632
406,BC,CO,2008,870442.3933821984,4342952.75,0.2004264019179574,20728,0.004772789664819632
407,BC,SOX,2008,66145.00399562388,4342952.75,0.015230422204253517,20728,0.004772789664819632
408,BC,NOX,2008,250949.09114168247,4342952.75,0.0577830581144781,20728,0.004772789664819632
409,BC,VOC,2008,210241.6033764877,4342952.75,0.04840982978147476,20728,0.004772789664819632
410,ON,NH3,2008,90018.3148437233,12866362.25,0.006996407616591341,20728,0.00161102257166745
411,ON,CO,2008,1841020.0162951432,12866362.25,0.1430878425869863,20728,0.00161102257166745
412,ON,SOX,2008,365447.40598234616,12866362.25,0.028403320136765633,20728,0.00161102257166745
413,ON,NOX,2008,434339.5516428845,12866362.25,0.03375775865807637,20728,0.00161102257166745
414,ON,VOC,2008,518308.6353717286,12866362.25,0.040284007655056395,20728,0.00161102257166745
415,MB,NH3,2008,57285.05354016318,1196348.25,0.0478832593604439,20728,0.01732605869570169
416,MB,CO,2008,253904.9139715216,1196348.25,0.21223328071196795,20728,0.01732605869570169
417,MB,SOX,2008,349219.25794857804,1196348.25,0.29190434971470725,20728,0.01732605869570169
418,MB,NOX,2008,61156.24106361297,1196348.25,0.05111909601874953,20728,0.01732605869570169
419,MB,VOC,2008,74713.35611728604,1196348.25,0.06245117683524512,20728,0.01732605869570169
420,NB,NH3,2008,4388.618836795378,746866.75,0.00587603991849333,20728,0.027753277274694583
421,NB,CO,2008,196183.1829925389,746866.75,0.2626749456881551,20728,0.027753277274694583
422,NB,SOX,2008,46252.63679627466,746866.75,0.06192890069918718,20728,0.027753277274694583
423,NB,NOX,2008,52807.6508796174,746866.75,0.07070558554068367,20728,0.027753277274694583
424,NB,VOC,2008,48691.26672816704,746866.75,0.06519404797196694,20728,0.027753277274694583
425,NS,NH3,2008,4102.16337257798,936013.0,0.004382592306493585,20728,0.0221449915759717
426,NS,CO,2008,165246.8336428203,936013.0,0.17654331044848767,20728,0.0221449915759717
427,NS,SOX,2008,124540.47945011678,936013.0,0.13305421981331111,20728,0.0221449915759717
428,NS,NOX,2008,63129.56888537872,936013.0,0.0674451838653723,20728,0.0221449915759717
429,NS,VOC,2008,43057.004698235214,936013.0,0.046000434500626824,20728,0.0221449915759717
430,QC,NH3,2008,65494.05473255437,7753515.0,0.008447014642075803,20728,0.0026733681433517573
431,QC,CO,2008,1526054.089071009,7753515.0,0.19682093722279626,20728,0.0026733681433517573
432,QC,SOX,2008,150797.84375523977,7753515.0,0.01944896524418148,20728,0.0026733681433517573
433,QC,NOX,2008,251024.0432560171,7753515.0,0.032375515267077846,20728,0.0026733681433517573
434,QC,VOC,2008,324631.18979526433,7753515.0,0.041868905882720846,20728,0.0026733681433517573
435,SK,NH3,2008,87707.21245672296,1015934.75,0.08633154093481196,20728,0.02040288512623473
436,SK,CO,2008,413716.3549169435,1015934.75,0.4072272898598493,20728,0.02040288512623473
437,SK,SOX,2008,128821.9484702454,1015934.75,0.12680139986376626,20728,0.02040288512623473
438,SK,NOX,2008,174614.44308171005,1015934.75,0.17187564760602003,20728,0.02040288512623473
439,SK,VOC,2008,245699.1496853477,1015934.75,0.24184540363969997,20728,0.02040288512623473
440,NL,NH3,2008,941.896035468174,511819.75,0.0018402885693023256,20728,0.04049863257523767
441,NL,CO,2008,108013.021096368,511819.75,0.21103722764971067,20728,0.04049863257523767
442,NL,SOX,2008,40362.2579950008,511819.75,0.078860297975998,20728,0.04049863257523767
443,NL,NOX,2008,53334.95007469226,511819.75,0.10420651034801266,20728,0.04049863257523767
444,NL,VOC,2008,34111.70138279476,511819.75,0.06664788020156463,20728,0.04049863257523767
445,PE,NH3,2008,3068.2805395994224,138600.0,0.02213766623087606,20728,0.14955266955266955
446,PE,CO,2008,32911.79137877368,138600.0,0.23745881225666438,20728,0.14955266955266955
447,PE,SOX,2008,2123.3254259892874,138600.0,0.015319808268320977,20728,0.14955266955266955
448,PE,NOX,2008,5147.722823657579,138600.0,0.03714085731354675,20728,0.14955266955266955
449,PE,VOC,2008,7866.134209645363,138600.0,0.05675421507680637,20728,0.14955266955266955
450,AB,NH3,2009,132991.51611707473,3667752.25,0.036259678149491895,21296,0.005806280944957501
451,AB,CO,2009,1132508.4215766145,3667752.25,0.3087745148480556,21296,0.005806280944957501
452,AB,SOX,2009,371621.66225775576,3667752.25,0.10132136440179561,21296,0.005806280944957501
453,AB,NOX,2009,670909.267392054,3667752.25,0.18292109762649697,21296,0.005806280944957501
454,AB,VOC,2009,511333.7147765916,3667752.25,0.139413373620476,21296,0.005806280944957501
455,BC,NH3,2009,21077.93749166181,4404775.25,0.004785246986588432,21296,0.004834752919572911
456,BC,CO,2009,850142.7759272272,4404775.25,0.19300480221487515,21296,0.004834752919572911
457,BC,SOX,2009,65765.48338695148,4404775.25,0.014930496938964475,21296,0.004834752919572911
458,BC,NOX,2009,231240.08421156043,4404775.25,0.0524975897945214,21296,0.004834752919572911
459,BC,VOC,2009,198631.41837841875,4404775.25,0.0450945637642735,21296,0.004834752919572911
460,ON,NH3,2009,94051.49307609705,12983599.0,0.007243869213466701,21296,0.0016402231769480865
461,ON,CO,2009,1735389.2195626274,12983599.0,0.13366010607402673,21296,0.0016402231769480865
462,ON,SOX,2009,196195.89559720727,12983599.0,0.0151110563101346,21296,0.0016402231769480865
463,ON,NOX,2009,383652.5273492953,12983599.0,0.029549012361618325,21296,0.0016402231769480865
464,ON,VOC,2009,466604.76251676463,12983599.0,0.035938013991094815,21296,0.0016402231769480865
465,MB,NH3,2009,53950.77449772192,1206536.75,0.04471540091731306,21296,0.017650519140838438
466,MB,CO,2009,201306.67320287388,1206536.75,0.16684669837273824,21296,0.017650519140838438
467,MB,SOX,2009,289729.795633791,1206536.75,0.24013341958609302,21296,0.017650519140838438
468,MB,NOX,2009,51443.1341331125,1206536.75,0.04263702214881768,21296,0.017650519140838438
469,MB,VOC,2009,68805.74837061568,1206536.75,0.05702747833467624,21296,0.017650519140838438
470,NB,NH3,2009,4221.744013132929,749639.0,0.0056317027437645705,21296,0.028408340547917063
471,NB,CO,2009,176848.14975429155,749639.0,0.23591108487457502,21296,0.028408340547917063
472,NB,SOX,2009,51097.67729493135,749639.0,0.06816304553916132,21296,0.028408340547917063
473,NB,NOX,2009,48719.84210604441,749639.0,0.06499107184397344,21296,0.028408340547917063
474,NB,VOC,2009,45697.646988010136,749639.0,0.06095953784156125,21296,0.028408340547917063
475,NS,NH3,2009,3923.0371572430304,938380.0,0.004180648732116019,21296,0.022694430827596496
476,NS,CO,2009,148188.81169778615,938380.0,0.15791983172892235,21296,0.022694430827596496
477,NS,SOX,2009,116011.84717316828,938380.0,0.12362992303029506,21296,0.022694430827596496
478,NS,NOX,2009,56848.96243438911,938380.0,0.06058202693406627,21296,0.022694430827596496
479,NS,VOC,2009,41086.46230489815,938380.0,0.04378446077804104,21296,0.022694430827596496
480,QC,NH3,2009,63031.75639763256,7832720.25,0.00804723702440829,21296,0.002718851091356161
481,QC,CO,2009,1446886.2450940325,7832720.25,0.18472333990148984,21296,0.002718851091356161
482,QC,SOX,2009,136887.70491376412,7832720.25,0.01747639396591039,21296,0.002718851091356161
483,QC,NOX,2009,232683.58442844375,7832720.25,0.02970661239030511,21296,0.002718851091356161
484,QC,VOC,2009,307932.0694959109,7832720.25,0.039313553869859054,21296,0.002718851091356161
485,SK,NH3,2009,82328.19520696744,1032566.75,0.07973159624495699,21296,0.02062433251893885
486,SK,CO,2009,408300.568427068,1032566.75,0.3954229287618142,21296,0.02062433251893885
487,SK,SOX,2009,134951.2206133364,1032566.75,0.13069491208518616,21296,0.02062433251893885
488,SK,NOX,2009,175476.9001032982,1032566.75,0.16994242755085634,21296,0.02062433251893885
489,SK,VOC,2009,238678.62694708267,1032566.75,0.23115079673743386,21296,0.02062433251893885
490,NL,NH3,2009,932.0593869965276,516169.5,0.0018057234822989883,21296,0.04125776513335251
491,NL,CO,2009,101127.08727626476,516169.5,0.19591837037303592,21296,0.04125776513335251
492,NL,SOX,2009,28920.23421951018,516169.5,0.05602856081095489,21296,0.04125776513335251
493,NL,NOX,2009,47400.67203151977,516169.5,0.0918316018895339,21296,0.04125776513335251
494,NL,VOC,2009,29493.099047908745,516169.5,0.05713839939769542,21296,0.04125776513335251
495,PE,NH3,2009,2760.262404090508,139711.0,0.01975694400648845,21296,0.15242894260294465
496,PE,CO,2009,30785.89202185001,139711.0,0.22035410255348548,21296,0.15242894260294465
497,PE,SOX,2009,1820.6910324897613,139711.0,0.013031837382094189,21296,0.15242894260294465
498,PE,NOX,2009,5419.177703948296,139711.0,0.038788482681737985,21296,0.15242894260294465
499,PE,VOC,2009,7480.75352254831,139711.0,0.05354448484763769,21296,0.15242894260294465
500,AB,NH3,2010,130683.29517893116,3724137.0,0.03509089358928825,20757,0.00557364028229896
501,AB,CO,2010,1075646.3948661848,3724137.0,0.2888310486070155,20757,0.00557364028229896
502,AB,SOX,2010,358307.9380092149,3724137.0,0.09621234074074474,20757,0.00557364028229896
503,AB,NOX,2010,701315.0799933256,3724137.0,0.18831613337353745,20757,0.00557364028229896
504,AB,VOC,2010,490236.5949499055,3724137.0,0.13163763710892096,20757,0.00557364028229896
505,BC,NH3,2010,20603.15514931172,4461057.0,0.004618446962079103,20757,0.004652933150148048
506,BC,CO,2010,794834.0327907501,4461057.0,0.17817168280762835,20757,0.004652933150148048
507,BC,SOX,2010,65317.09857691496,4461057.0,0.014641619368888352,20757,0.004652933150148048
508,BC,NOX,2010,230546.0998839865,4461057.0,0.051679702788820336,20757,0.004652933150148048
509,BC,VOC,2010,196698.1994724488,4461057.0,0.044092285633752,20757,0.004652933150148048
510,ON,NH3,2010,91985.10351120686,13117914.5,0.007012174344573359,20757,0.0015823399367330836
511,ON,CO,2010,1692040.863012221,13117914.5,0.1289870324289902,20757,0.0015823399367330836
512,ON,SOX,2010,254217.835906264,13117914.5,0.019379439918308965,20757,0.0015823399367330836
513,ON,NOX,2010,384467.939911805,13117914.5,0.02930861760928576,20757,0.0015823399367330836
514,ON,VOC,2010,462475.21323302935,13117914.5,0.0352552391794465,20757,0.0015823399367330836
515,MB,NH3,2010,55411.523422876446,1218996.25,0.045456680791984755,20757,0.017027944097449028
516,MB,CO,2010,213354.30579200308,1218996.25,0.17502457927331858,20757,0.017027944097449028
517,MB,SOX,2010,195732.0878217109,1218996.25,0.16056824442381254,20757,0.017027944097449028
518,MB,NOX,2010,49076.265155012064,1218996.25,0.04025957024479121,20757,0.017027944097449028
519,MB,VOC,2010,70387.46789699658,1218996.25,0.057742152936890966,20757,0.017027944097449028
520,NB,NH3,2010,4094.6458026210616,752656.0,0.005440261955821865,20757,0.027578335919729597
521,NB,CO,2010,183425.0549500337,752656.0,0.24370370388335932,20757,0.027578335919729597
522,NB,SOX,2010,32025.936434446598,752656.0,0.04255056285267984,20757,0.027578335919729597
523,NB,NOX,2010,47372.37664529698,752656.0,0.06294027636170704,20757,0.027578335919729597
524,NB,VOC,2010,47088.01725521535,752656.0,0.06256246845200909,20757,0.027578335919729597
525,NS,NH3,2010,3773.565502305537,942007.0,0.004005878408871204,20757,0.022034868106075644
526,NS,CO,2010,139777.48535492245,942007.0,0.14838263978391078,20757,0.022034868106075644
527,NS,SOX,2010,75432.19419580903,942007.0,0.08007604422876798,20757,0.022034868106075644
528,NS,NOX,2010,55558.7272294391,942007.0,0.058979102309684645,20757,0.022034868106075644
529,NS,VOC,2010,39810.39161827055,942007.0,0.0422612481842179,20757,0.022034868106075644
530,QC,NH3,2010,61848.26541930892,7918321.25,0.007810780020993581,20757,0.002621388971810155
531,QC,CO,2010,1397942.14650581,7918321.25,0.1765452679134242,20757,0.002621388971810155
532,QC,SOX,2010,138408.36056171815,7918321.25,0.01747950811691533,20757,0.002621388971810155
533,QC,NOX,2010,218904.6219182501,7918321.25,0.027645332262599236,20757,0.002621388971810155
534,QC,VOC,2010,292687.4162165156,7918321.25,0.03696331671520849,20757,0.002621388971810155
535,SK,NH3,2010,79919.25958769882,1049327.25,0.07616237888389805,20757,0.01978124555518786
536,SK,CO,2010,397409.6303541179,1049327.25,0.37872801869399453,20757,0.01978124555518786
537,SK,SOX,2010,131621.20536503007,1049327.25,0.1254338962082897,20757,0.01978124555518786
538,SK,NOX,2010,175065.89816043168,1049327.25,0.16683632123384928,20757,0.01978124555518786
539,SK,VOC,2010,240204.76352033904,1049327.25,0.22891310934728804,20757,0.01978124555518786
540,NL,NH3,2010,908.5924530250876,521590.25,0.0017419659455388354,20757,0.03979560584194202
541,NL,CO,2010,91894.51905832252,521590.25,0.1761814356351993,20757,0.03979560584194202
542,NL,SOX,2010,31687.114580799,521590.25,0.06075097182280344,20757,0.03979560584194202
543,NL,NOX,2010,47254.71649299816,521590.25,0.09059739228829174,20757,0.03979560584194202
544,NL,VOC,2010,27469.50529510873,521590.25,0.052664913301406095,20757,0.03979560584194202
545,PE,NH3,2010,2552.0540300524285,141497.0,0.018036099917683263,20757,0.1466956896612649
546,PE,CO,2010,26999.77875008197,141497.0,0.1908152027963983,20757,0.1466956896612649
547,PE,SOX,2010,1478.7862302343465,141497.0,0.010451007655528715,20757,0.1466956896612649
548,PE,NOX,2010,5126.194625062763,141497.0,0.03622829194302892,20757,0.1466956896612649
549,PE,VOC,2010,6629.698059707038,141497.0,0.04685398319191953,20757,0.1466956896612649
550,AB,NH3,2011,132641.48219304642,3779988.25,0.035090448281961305,22179,0.005867478556315618
551,AB,CO,2011,1015160.0103461308,3779988.25,0.268561684112677,22179,0.005867478556315618
552,AB,SOX,2011,343134.3155222252,3779988.25,0.0907765561234814,22179,0.005867478556315618
553,AB,NOX,2011,691938.4815302572,3779988.25,0.18305307735553336,22179,0.005867478556315618
554,AB,VOC,2011,478680.3220269855,3779988.25,0.1266353994690289,22179,0.005867478556315618
555,BC,NH3,2011,19673.4470240708,4499639.0,0.0043722278662956734,22179,0.004929062086980756
556,BC,CO,2011,736230.3884552313,4499639.0,0.16361987894033972,22179,0.004929062086980756
557,BC,SOX,2011,71221.31596841455,4499639.0,0.0158282288797867,22179,0.004929062086980756
558,BC,NOX,2011,231269.51503536143,4499639.0,0.05139734877294855,22179,0.004929062086980756
559,BC,VOC,2011,167721.30573365907,4499639.0,0.03727439150866527,22179,0.004929062086980756
560,ON,NH3,2011,89783.24662790581,13247672.25,0.0067772847133884834,22179,0.0016741809112917933
561,ON,CO,2011,1516717.5429271786,13247672.25,0.11448936192750228,22179,0.0016741809112917933
562,ON,SOX,2011,260818.3038419436,13247672.25,0.019687859038175073,22179,0.0016741809112917933
563,ON,NOX,2011,358342.29367760726,13247672.25,0.027049453437195902,22179,0.0016741809112917933
564,ON,VOC,2011,408032.8642833326,13247672.25,0.0308003441346711,22179,0.0016741809112917933
565,MB,NH3,2011,51792.81090235536,1231985.75,0.04204010549826194,22179,0.018002643293560824
566,MB,CO,2011,184842.7947416889,1231985.75,0.15003647139724538,22179,0.018002643293560824
567,MB,SOX,2011,128173.36137152616,1231985.75,0.10403802265693914,22179,0.018002643293560824
568,MB,NOX,2011,48055.3296149968,1231985.75,0.039006400532633434,22179,0.018002643293560824
569,MB,VOC,2011,65376.70512326271,1231985.75,0.05306612119763781,22179,0.018002643293560824
570,NB,NH3,2011,4149.405179905034,755440.0,0.005492699856911249,22179,0.029359049031028275
571,NB,CO,2011,183898.8180166844,755440.0,0.2434327253212491,22179,0.029359049031028275
572,NB,SOX,2011,27401.80786283801,755440.0,0.03627264622317856,22179,0.029359049031028275
573,NB,NOX,2011,48545.78809977774,755440.0,0.06426160661307018,22179,0.029359049031028275
574,NB,VOC,2011,44542.924752745705,755440.0,0.05896288884986988,22179,0.029359049031028275
575,NS,NH3,2011,3820.886856303571,944319.0,0.004046182334892734,22179,0.023486766654064992
576,NS,CO,2011,144131.00552120918,944319.0,0.15262957276218014,22179,0.023486766654064992
577,NS,SOX,2011,77317.33287192536,944319.0,0.08187628637348753,22179,0.023486766654064992
578,NS,NOX,2011,57431.33306713322,944319.0,0.06081772480182356,22179,0.023486766654064992
579,NS,VOC,2011,38680.82232307027,944319.0,0.04096160547767256,22179,0.023486766654064992
580,QC,NH3,2011,61824.14174730954,7994063.5,0.007733756649207195,22179,0.0027744338032841495
581,QC,CO,2011,1404147.6573344795,7994063.5,0.17564879955412907,22179,0.0027744338032841495
582,QC,SOX,2011,139795.60398864732,7994063.5,0.01748742726257395,22179,0.0027744338032841495
583,QC,NOX,2011,215403.09090043377,7994063.5,0.026945381519728206,22179,0.0027744338032841495
584,QC,VOC,2011,275512.6830341468,7994063.5,0.034464660311260574,22179,0.0027744338032841495
585,SK,NH3,2011,82366.95295672712,1064290.0,0.07739145623535608,22179,0.020839244942637815
586,SK,CO,2011,328523.13151061203,1064290.0,0.30867820942657737,22179,0.020839244942637815
587,SK,SOX,2011,126893.95321079776,1064290.0,0.11922873766623548,22179,0.020839244942637815
588,SK,NOX,2011,160271.13865594676,1064290.0,0.15058972522145916,22179,0.020839244942637815
589,SK,VOC,2011,230594.09854491823,1064290.0,0.2166647234728488,22179,0.020839244942637815
590,NL,NH3,2011,909.8575080411512,524725.0,0.0017339701901780001,22179,0.04226785459049979
591,NL,CO,2011,85182.51150875546,524725.0,0.16233743676927048,22179,0.04226785459049979
592,NL,SOX,2011,25275.683724374663,524725.0,0.048169391060793106,22179,0.04226785459049979
593,NL,NOX,2011,46103.18605766064,524725.0,0.08786161524162302,22179,0.04226785459049979
594,NL,VOC,2011,23557.63900173516,524725.0,0.04489520987514443,22179,0.04226785459049979
595,PE,NH3,2011,2500.2962101931957,143656.5,0.017404685553338663,22179,0.1543891157030834
596,PE,CO,2011,26286.1374500837,143656.5,0.18297910258208783,22179,0.1543891157030834
597,PE,SOX,2011,1722.5101748350894,143656.5,0.011990478501391092,22179,0.1543891157030834
598,PE,NOX,2011,5586.996182652825,143656.5,0.03889135669219858,22179,0.1543891157030834
599,PE,VOC,2011,6186.714606903677,143656.5,0.043066026298174305,22179,0.1543891157030834
600,AB,NH3,2012,137630.5644576695,3861918.75,0.03563787157812927,22139,0.005732642614503477
601,AB,CO,2012,1020173.0616697504,3861918.75,0.2641622280815075,22139,0.005732642614503477
602,AB,SOX,2012,333877.81221442844,3861918.75,0.08645386757927738,22139,0.005732642614503477
603,AB,NOX,2012,649050.7227761747,3861918.75,0.16806431330958857,22139,0.005732642614503477
604,AB,VOC,2012,518824.5195309372,3861918.75,0.13434371697512726,22139,0.005732642614503477
605,BC,NH3,2012,19597.051431377546,4560459.0,0.004297166454380479,22139,0.004854555210341766
606,BC,CO,2012,737041.7592425122,4560459.0,0.16161569685036356,22139,0.004854555210341766
607,BC,SOX,2012,73210.97682913509,4560459.0,0.016053422874569224,22139,0.004854555210341766
608,BC,NOX,2012,225107.53352463656,4560459.0,0.04936071863043535,22139,0.004854555210341766
609,BC,VOC,2012,165183.63438867457,4560459.0,0.036220835312558354,22139,0.004854555210341766
610,ON,NH3,2012,88248.84333308345,13374292.5,0.006598393397862612,22139,0.0016553398992881305
611,ON,CO,2012,1333303.2180670707,13374292.5,0.09969149531214984,22139,0.0016553398992881305
612,ON,SOX,2012,253780.60960166,13374292.5,0.018975254922954616,22139,0.0016553398992881305
613,ON,NOX,2012,334876.9152744616,13374292.5,0.025038850860668826,22139,0.0016553398992881305
614,ON,VOC,2012,382503.9882723552,13374292.5,0.02859994188644784,22139,0.0016553398992881305
615,MB,NH3,2012,52119.22589770793,1247996.5,0.04176231736043164,22139,0.017739633083906886
616,MB,CO,2012,184621.082369734,1247996.5,0.14793397447006784,22139,0.017739633083906886
617,MB,SOX,2012,139623.69585532806,1247996.5,0.11187827518372692,22139,0.017739633083906886
618,MB,NOX,2012,50955.30835391681,1247996.5,0.040829688507873864,22139,0.017739633083906886
619,MB,VOC,2012,68368.39650126443,1247996.5,0.05478252262828016,22139,0.017739633083906886
620,NB,NH3,2012,4014.006462593028,757899.75,0.0052962234947208095,22139,0.029210987337045566
621,NB,CO,2012,176858.02110787368,757899.75,0.23335278987474753,22139,0.029210987337045566
622,NB,SOX,2012,26011.339403470876,757899.75,0.034320290254048605,22139,0.029210987337045566
623,NB,NOX,2012,38997.115390422674,757899.75,0.05145418690324502,22139,0.029210987337045566
624,NB,VOC,2012,41865.25367513357,757899.75,0.05523851099717815,22139,0.029210987337045566
625,NS,NH3,2012,3734.123910075742,943757.25,0.003956657191323025,22139,0.023458362836417945
626,NS,CO,2012,135010.90508667397,943757.25,0.1430568136951255,22139,0.023458362836417945
627,NS,SOX,2012,75346.10716705813,943757.25,0.07983632143441349,22139,0.023458362836417945
628,NS,NOX,2012,48097.11110084716,943757.25,0.05096343482484205,22139,0.023458362836417945
629,NS,VOC,2012,35793.66697450218,943757.25,0.03792677298585222,22139,0.023458362836417945
630,QC,NH3,2012,63394.10911924062,8052119.75,0.007872971476764317,22139,0.0027494623387835236
631,QC,CO,2012,1311652.8355054518,8052119.75,0.16289534634720898,22139,0.0027494623387835236
632,QC,SOX,2012,135273.10427144487,8052119.75,0.016799688587771547,22139,0.0027494623387835236
633,QC,NOX,2012,201227.04835948173,8052119.75,0.02499056827358805,22139,0.0027494623387835236
634,QC,VOC,2012,263912.9503423869,8052119.75,0.03277558686858661,22139,0.0027494623387835236
635,SK,NH3,2012,92913.6007672836,1081217.75,0.08593421701344026,22139,0.0204759864513878
636,SK,CO,2012,344420.96065102686,1081217.75,0.31854911802088604,22139,0.0204759864513878
637,SK,SOX,2012,130218.35423047363,1081217.75,0.12043675219952099,22139,0.0204759864513878
638,SK,NOX,2012,158782.55636136717,1081217.75,0.1468552993708873,22139,0.0204759864513878
639,SK,VOC,2012,243989.73265376236,1081217.75,0.22566197479995345,22139,0.0204759864513878
640,NL,NH3,2012,900.5129389650402,526348.75,0.0017108674409600864,22139,0.04206146590069797
641,NL,CO,2012,84313.16084645147,526348.75,0.16018497402425952,22139,0.04206146590069797
642,NL,SOX,2012,28113.291164980725,526348.75,0.05341190829270655,22139,0.04206146590069797
643,NL,NOX,2012,41037.461640013535,526348.75,0.0779662944768341,22139,0.04206146590069797
644,NL,VOC,2012,20739.250401355897,526348.75,0.03940210820554983,22139,0.04206146590069797
645,PE,NH3,2012,2558.7774246741765,144458.0,0.01771295064776043,22139,0.15325561754973763
646,PE,CO,2012,23586.79229129871,144458.0,0.1632778544026548,22139,0.15325561754973763
647,PE,SOX,2012,1016.3527935267932,144458.0,0.0070356283039138936,22139,0.15325561754973763
648,PE,NOX,2012,4893.479083291487,144458.0,0.033874753099804006,22139,0.15325561754973763
649,PE,VOC,2012,5616.339070147254,144458.0,0.038878698792363546,22139,0.15325561754973763
650,AB,NH3,2013,139707.6493382899,3964802.75,0.035236973475739716,23205,0.005852750177798883
651,AB,CO,2013,1044806.4504109876,3964802.75,0.2635204110497017,23205,0.005852750177798883
652,AB,SOX,2013,314187.69199869514,3964802.75,0.07924421763445738,23205,0.005852750177798883
653,AB,NOX,2013,643710.2914325446,3964802.75,0.1623561957609479,23205,0.005852750177798883
654,AB,VOC,2013,556411.0771793935,3964802.75,0.1403376440806276,23205,0.005852750177798883
655,BC,NH3,2013,19957.012943875867,4624713.75,0.004315296907592576,23205,0.005017607846539691
656,BC,CO,2013,661969.6176623267,4624713.75,0.14313742502707907,23205,0.005017607846539691
657,BC,SOX,2013,75419.82356246334,4624713.75,0.016307998211232716,23205,0.005017607846539691
658,BC,NOX,2013,228222.3006968001,4624713.75,0.04934841657968563,23205,0.005017607846539691
659,BC,VOC,2013,166548.60452788635,4624713.75,0.036012737983596575,23205,0.005017607846539691
660,ON,NH3,2013,90571.77599987527,13495460.5,0.006711277173526259,23205,0.0017194670756140555
661,ON,CO,2013,1347308.1142919555,13495460.5,0.09983417122312763,23205,0.0017194670756140555
662,ON,SOX,2013,268248.9670797549,13495460.5,0.019876977675549117,23205,0.0017194670756140555
663,ON,NOX,2013,317571.1230044511,13495460.5,0.02353169964110903,23205,0.0017194670756140555
664,ON,VOC,2013,379715.78912895307,13495460.5,0.028136556668737097,23205,0.0017194670756140555
665,MB,NH3,2013,57023.54717426679,1262955.5,0.04515087600019699,23205,0.01837356898164662
666,MB,CO,2013,180532.69488319108,1262955.5,0.14294462067997732,23205,0.01837356898164662
667,MB,SOX,2013,159393.08061607592,1262955.5,0.12620641076908562,23205,0.01837356898164662
668,MB,NOX,2013,46277.15847771033,1262955.5,0.036641954904753436,23205,0.01837356898164662
669,MB,VOC,2013,68251.02571790903,1262955.5,0.054040720926358074,23205,0.01837356898164662
670,NB,NH3,2013,3741.6431040494535,758411.0,0.00493352958231019,23205,0.030596866342919603
671,NB,CO,2013,165312.21776636856,758411.0,0.21797180917255757,23205,0.030596866342919603
672,NB,SOX,2013,22036.15923551563,758411.0,0.02905569570525168,23205,0.030596866342919603
673,NB,NOX,2013,34067.144252654434,758411.0,0.04491910620053564,23205,0.030596866342919603
674,NB,VOC,2013,39232.74132914988,758411.0,0.051730184990921656,23205,0.030596866342919603
675,NS,NH3,2013,3657.33694676219,941091.75,0.0038862703309875896,23205,0.024657532063159623
676,NS,CO,2013,136250.4917665324,941091.75,0.14477917989030548,23205,0.024657532063159623
677,NS,SOX,2013,77234.4871733884,941091.75,0.08206903011676428,23205,0.024657532063159623
678,NS,NOX,2013,46593.23768721299,941091.75,0.0495097716957066,23205,0.024657532063159623
679,NS,VOC,2013,35162.3397864887,941091.75,0.03736334930838433,23205,0.024657532063159623
680,QC,NH3,2013,62257.21200300907,8102306.75,0.007683887308143334,23205,0.002863999193809837
681,QC,CO,2013,1330045.8938842707,8102306.75,0.16415644765415363,23205,0.002863999193809837
682,QC,SOX,2013,119534.71486973562,8102306.75,0.014753170739892761,23205,0.002863999193809837
683,QC,NOX,2013,188256.0566704768,8102306.75,0.02323487155932189,23205,0.002863999193809837
684,QC,VOC,2013,259743.21686648863,8102306.75,0.03205793422552024,23205,0.002863999193809837
685,SK,NH3,2013,98330.28841944442,1097350.75,0.0896069815594006,23205,0.021146383688168985
686,SK,CO,2013,357829.65094288456,1097350.75,0.3260850288231767,23205,0.021146383688168985
687,SK,SOX,2013,125020.29404482026,1097350.75,0.1139292008911647,23205,0.021146383688168985
688,SK,NOX,2013,157828.10153094973,1097350.75,0.143826485315611,23205,0.021146383688168985
689,SK,VOC,2013,250898.3499598156,1097350.75,0.22864006787238775,23205,0.021146383688168985
690,NL,NH3,2013,902.1094715201712,527448.0,0.0017103287367099148,23205,0.04399485826090913
691,NL,CO,2013,72328.3354750396,527448.0,0.13712884582942697,23205,0.04399485826090913
692,NL,SOX,2013,28431.69476559065,527448.0,0.05390426120791178,23205,0.04399485826090913
693,NL,NOX,2013,39067.895278319374,527448.0,0.07406966237111406,23205,0.04399485826090913
694,NL,VOC,2013,19168.23277404808,527448.0,0.036341464512232635,23205,0.04399485826090913
695,PE,NH3,2013,2342.3450169558614,144080.0,0.016257253032730852,23205,0.1610563575791227
696,PE,CO,2013,20177.20845561633,144080.0,0.14004170221832546,23205,0.1610563575791227
697,PE,SOX,2013,850.0452328033539,144080.0,0.005899814219901124,23205,0.1610563575791227
698,PE,NOX,2013,4244.005242671969,144080.0,0.029455894243975357,23205,0.1610563575791227
699,PE,VOC,2013,5139.537484913642,144080.0,0.03567141508129957,23205,0.1610563575791227
700,AB,NH3,2014,141095.12881051924,4068483.75,0.034680027617295814,23355,0.005740467809414257
701,AB,CO,2014,1083451.1163415606,4068483.75,0.2663034149617927,23355,0.005740467809414257
702,AB,SOX,2014,291592.47385681805,4068483.75,0.07167104301616493,23355,0.005740467809414257
703,AB,NOX,2014,656735.6508195029,4068483.75,0.16142024674905064,23355,0.005740467809414257
704,AB,VOC,2014,572615.3277760863,4068483.75,0.14074415997755585,23355,0.005740467809414257
705,BC,NH3,2014,19406.653921754787,4699026.5,0.004129930725386373,23355,0.004970178397589373
706,BC,CO,2014,660414.8387121931,4699026.5,0.14054290579382625,23355,0.004970178397589373
707,BC,SOX,2014,75847.2205857285,4699026.5,0.016141049765462805,23355,0.004970178397589373
708,BC,NOX,2014,222718.86163379668,4699026.5,0.0473968090271031,23355,0.004970178397589373
709,BC,VOC,2014,159386.5212685707,4699026.5,0.03391905137554996,23355,0.004970178397589373
710,ON,NH3,2014,87166.91960613981,13606049.25,0.006406482734592469,23355,0.0017165159092746927
711,ON,CO,2014,1316821.868154839,13606049.25,0.09678208890467149,23355,0.0017165159092746927
712,ON,SOX,2014,255026.08367684408,13606049.25,0.018743580814015066,23355,0.0017165159092746927
713,ON,NOX,2014,291203.3608689679,13606049.25,0.0214024920473493,23355,0.0017165159092746927
714,ON,VOC,2014,372597.9023810932,13606049.25,0.02738472392205204,23355,0.0017165159092746927
715,MB,NH3,2014,54506.53899277619,1277087.25,0.04268035640695355,23355,0.018287709003437316
716,MB,CO,2014,176502.95116266314,1277087.25,0.13820743348793368,23355,0.018287709003437316
717,MB,SOX,2014,158330.202786777,1277087.25,0.12397759259344027,23355,0.018287709003437316
718,MB,NOX,2014,45393.56259202256,1277087.25,0.03554460557962861,23355,0.018287709003437316
719,MB,VOC,2014,67358.4219534709,1277087.25,0.052743790178369485,23355,0.018287709003437316
720,NB,NH3,2014,3912.373799912854,759098.5,0.005153973825416404,23355,0.030766758200681466
721,NB,CO,2014,168031.07973721335,759098.5,0.22135609507489917,23355,0.030766758200681466
722,NB,SOX,2014,22312.455146253345,759098.5,0.029393359552486727,23355,0.030766758200681466
723,NB,NOX,2014,31815.18829877725,759098.5,0.041911804988123746,23355,0.030766758200681466
724,NB,VOC,2014,40151.81841530239,759098.5,0.05289408214520565,23355,0.030766758200681466
725,NS,NH3,2014,3615.4445133321065,939074.25,0.003850009212085313,23355,0.024870237896524157
726,NS,CO,2014,117593.49416721264,939074.25,0.125222786342201,23355,0.024870237896524157
727,NS,SOX,2014,71781.13997094447,939074.25,0.07643819428649488,23355,0.024870237896524157
728,NS,NOX,2014,41731.04803176808,939074.25,0.04443849677676507,23355,0.024870237896524157
729,NS,VOC,2014,33235.31323582389,939074.25,0.03539157125842167,23355,0.024870237896524157
730,QC,NH3,2014,61869.8792071559,8143383.25,0.007597564465255384,23355,0.0028679725960337184
731,QC,CO,2014,1283932.3793868313,8143383.25,0.1576657195136716,23355,0.0028679725960337184
732,QC,SOX,2014,121219.57081000412,8143383.25,0.014885652202357555,23355,0.0028679725960337184
733,QC,NOX,2014,174323.20967282658,8143383.25,0.02140673038725355,23355,0.0028679725960337184
734,QC,VOC,2014,253037.4351048959,8143383.25,0.031072765131727763,23355,0.0028679725960337184
735,SK,NH3,2014,94794.32211836084,1111296.75,0.08530063830238038,23355,0.02101598875367898
736,SK,CO,2014,330986.7130945523,1111296.75,0.29783828045439015,23355,0.02101598875367898
737,SK,SOX,2014,125016.71724294651,1111296.75,0.11249625020764842,23355,0.02101598875367898
738,SK,NOX,2014,153401.1874046604,1111296.75,0.13803800596434787,23355,0.02101598875367898
739,SK,VOC,2014,277776.15360479284,1111296.75,0.24995677671584376,23355,0.02101598875367898
740,NL,NH3,2014,926.4717125367256,528090.0,0.0017543822313180056,23355,0.044225416122251886
741,NL,CO,2014,79020.55805887049,528090.0,0.14963464193389478,23355,0.044225416122251886
742,NL,SOX,2014,27957.94256571018,528090.0,0.052941624658126796,23355,0.044225416122251886
743,NL,NOX,2014,40701.574386026026,528090.0,0.07707317765158596,23355,0.044225416122251886
744,NL,VOC,2014,18484.347300161546,528090.0,0.03500226722748309,23355,0.044225416122251886
745,PE,NH3,2014,2553.8439817536414,144200.25,0.01771039912728058,23355,0.16196227121658943
746,PE,CO,2014,18399.75224441657,144200.25,0.12759861542831286,23355,0.16196227121658943
747,PE,SOX,2014,692.8057583949477,144200.25,0.004804469884032432,23355,0.16196227121658943
748,PE,NOX,2014,4112.743641726347,144200.25,0.0285210576384323,23355,0.16196227121658943
749,PE,VOC,2014,4761.317256788049,144200.25,0.03301878642227076,23355,0.16196227121658943
750,AB,NH3,2015,139937.588499843,4137089.25,0.033825131642940265,25211,0.006093898022625449
751,AB,CO,2015,985516.9393906804,4137089.25,0.23821505407229984,25211,0.006093898022625449
752,AB,SOX,2015,259725.3729667968,4137089.25,0.06277973649391219,25211,0.006093898022625449
753,AB,NOX,2015,630979.6246838769,4137089.25,0.15251776951243604,25211,0.006093898022625449
754,AB,VOC,2015,517421.8223597623,4137089.25,0.12506905002345847,25211,0.006093898022625449
755,BC,NH3,2015,19454.271981683003,4770642.5,0.00407791444898313,25211,0.005284613131250141
756,BC,CO,2015,630995.6122458712,4770642.5,0.13226637968488966,25211,0.005284613131250141
757,BC,SOX,2015,62540.79620334712,4770642.5,0.013109512230972478,25211,0.005284613131250141
758,BC,NOX,2015,213184.6781576076,4770642.5,0.0446867855131898,25211,0.005284613131250141
759,BC,VOC,2015,156313.0394510723,4770642.5,0.03276561583708532,25211,0.005284613131250141
760,ON,NH3,2015,84773.2951404264,13698100.75,0.006188689708712093,25211,0.0018404741255827017
761,ON,CO,2015,1301904.2887346398,13698100.75,0.09504268602599085,25211,0.0018404741255827017
762,ON,SOX,2015,250508.0184033255,13698100.75,0.018287792079739632,25211,0.0018404741255827017
763,ON,NOX,2015,280828.04631028685,13698100.75,0.020501239656182762,25211,0.0018404741255827017
764,ON,VOC,2015,354646.5593622828,13698100.75,0.02589019936667372,25211,0.0018404741255827017
765,MB,NH3,2015,56262.13605638856,1291025.75,0.0435794065737175,25211,0.019527883158023764
766,MB,CO,2015,187493.15108031736,1291025.75,0.14522804915418408,25211,0.019527883158023764
767,MB,SOX,2015,153601.01634974568,1291025.75,0.11897595098296504,25211,0.019527883158023764
768,MB,NOX,2015,40743.79730816589,1291025.75,0.03155924450628959,25211,0.019527883158023764
769,MB,VOC,2015,63755.776993964086,1291025.75,0.049383815151606454,25211,0.019527883158023764
770,NB,NH3,2015,3759.9587568152792,759296.25,0.004951899547528753,25211,0.03320311406779633
771,NB,CO,2015,185367.83029759052,759296.25,0.2441311020535009,25211,0.03320311406779633
772,NB,SOX,2015,22958.6997947884,759296.25,0.030236814411750884,25211,0.03320311406779633
773,NB,NOX,2015,29655.100743568284,759296.25,0.03905603477373724,25211,0.03320311406779633
774,NB,VOC,2015,38827.48469879338,759296.25,0.05113614705563656,25211,0.03320311406779633
775,NS,NH3,2015,3531.1141079604085,937353.0,0.0037671123983818353,25211,0.026895950618390296
776,NS,CO,2015,133297.36508409903,937353.0,0.14220615401465514,25211,0.026895950618390296
777,NS,SOX,2015,63384.19818908735,937353.0,0.0676204142826527,25211,0.026895950618390296
778,NS,NOX,2015,38138.30038282087,937353.0,0.04068723349988838,25211,0.026895950618390296
779,NS,VOC,2015,34011.47447129097,937353.0,0.03628459552728904,25211,0.026895950618390296
780,QC,NH3,2015,63150.4830457563,8172870.25,0.007726842726489669,25211,0.0030847180034456073
781,QC,CO,2015,1281066.8039121304,8172870.25,0.15674625495395947,25211,0.0030847180034456073
782,QC,SOX,2015,111667.320978137,8172870.25,0.01366317065637216,25211,0.0030847180034456073
783,QC,NOX,2015,169790.06675991177,8172870.25,0.020774839385210082,25211,0.0030847180034456073
784,QC,VOC,2015,238637.4933461848,8172870.25,0.02919873753607979,25211,0.0030847180034456073
785,SK,NH3,2015,97707.5888324575,1120718.25,0.08718300860404254,25211,0.022495395252107298
786,SK,CO,2015,334471.74752974283,1120718.25,0.2984440982644325,25211,0.022495395252107298
787,SK,SOX,2015,127889.52912479632,1120718.25,0.1141138989436429,25211,0.022495395252107298
788,SK,NOX,2015,147006.77238934796,1120718.25,0.13117192692217508,25211,0.022495395252107298
789,SK,VOC,2015,289174.52465904533,1120718.25,0.25802606913829174,25211,0.022495395252107298
790,NL,NH3,2015,906.4986295097932,528309.25,0.0017158484912194764,25211,0.04772015632889259
791,NL,CO,2015,76871.31048240807,528309.25,0.14550438116010284,25211,0.04772015632889259
792,NL,SOX,2015,19219.360445066704,528309.25,0.0363789966673245,25211,0.04772015632889259
793,NL,NOX,2015,39272.42199982335,528309.25,0.07433604844099048,25211,0.04772015632889259
794,NL,VOC,2015,18007.10314242837,528309.25,0.03408439875400321,25211,0.04772015632889259
795,PE,NH3,2015,2357.0220552838023,144516.75,0.016309680748313272,25211,0.1744503664800101
796,PE,CO,2015,16783.15187733601,144516.75,0.11613291799971984,25211,0.1744503664800101
797,PE,SOX,2015,299.8085204698519,144516.75,0.002074558973059191,25211,0.1744503664800101
798,PE,NOX,2015,4045.937906741772,144516.75,0.02799632504012007,25211,0.1744503664800101
799,PE,VOC,2015,4441.507572673802,144516.75,0.03073351409212982,25211,0.1744503664800101
800,AB,NH3,2016,132619.48058146506,4189153.5,0.031657823133352615,23727,0.005663912769011687
801,AB,CO,2016,950437.964740328,4189153.5,0.22688067284722988,23727,0.005663912769011687
802,AB,SOX,2016,239568.79130380912,4189153.5,0.057187876095685944,23727,0.005663912769011687
803,AB,NOX,2016,603268.9203695664,4189153.5,0.14400735622830876,23727,0.005663912769011687
804,AB,VOC,2016,476740.1237000264,4189153.5,0.11380345067327478,23727,0.005663912769011687
805,BC,NH3,2016,19898.551541310226,4846718.0,0.004105572377289173,23727,0.004895477723275833
806,BC,CO,2016,660545.0260044149,4846718.0,0.1362870763276128,23727,0.004895477723275833
807,BC,SOX,2016,68443.73119245718,4846718.0,0.01412166566993524,23727,0.004895477723275833
808,BC,NOX,2016,210834.77706498865,4846718.0,0.043500524904685735,23727,0.004895477723275833
809,BC,VOC,2016,144381.4086480633,4846718.0,0.029789521207560107,23727,0.004895477723275833
810,ON,NH3,2016,88650.67582987725,13852999.75,0.00639938478522511,23727,0.0017127698280655784
811,ON,CO,2016,1262838.610830101,13852999.75,0.09115993890277092,23727,0.0017127698280655784
812,ON,SOX,2016,249012.6836241283,13852999.75,0.017975361879590614,23727,0.0017127698280655784
813,ON,NOX,2016,264457.10329242656,13852999.75,0.01909024096332829,23727,0.0017127698280655784
814,ON,VOC,2016,338867.57367692445,13852999.75,0.02446167471250582,23727,0.0017127698280655784
815,MB,NH3,2016,57393.87692499508,1311070.75,0.04377633848134822,23727,0.01809742151596319
816,MB,CO,2016,165610.34006156167,1311070.75,0.12631685975875953,23727,0.01809742151596319
817,MB,SOX,2016,145091.3699963446,1311070.75,0.11066631605986528,23727,0.01809742151596319
818,MB,NOX,2016,39297.09676831621,1311070.75,0.02997328463648221,23727,0.01809742151596319
819,MB,VOC,2016,61301.114645172805,1311070.75,0.04675652678939928,23727,0.01809742151596319
820,NB,NH3,2016,3916.499164360936,762765.75,0.005134602811362382,23727,0.031106535656589194
821,NB,CO,2016,174597.86905545794,762765.75,0.2289010342368649,23727,0.031106535656589194
822,NB,SOX,2016,20894.629360027728,762765.75,0.02739324538369444,23727,0.031106535656589194
823,NB,NOX,2016,31206.1872353416,762765.75,0.04091188839475501,23727,0.031106535656589194
824,NB,VOC,2016,33231.19137808768,762765.75,0.043566706263473,23727,0.031106535656589194
825,NS,NH3,2016,3473.126177950497,941973.0,0.003687076145442064,23727,0.025188620055988865
826,NS,CO,2016,126355.5914424632,941973.0,0.13413929214793122,23727,0.025188620055988865
827,NS,SOX,2016,64919.06627873924,941973.0,0.0689181816025929,23727,0.025188620055988865
828,NS,NOX,2016,36937.07312421378,941973.0,0.03921245420432834,23727,0.025188620055988865
829,NS,VOC,2016,31272.567308347498,941973.0,0.033199006031327326,23727,0.025188620055988865
830,QC,NH3,2016,64595.45124803585,8218337.75,0.00785991683635001,23727,0.002887080176280173
831,QC,CO,2016,1261235.8623757765,8218337.75,0.15346605368899283,23727,0.002887080176280173
832,QC,SOX,2016,110634.64918521966,8218337.75,0.013461925337057323,23727,0.002887080176280173
833,QC,NOX,2016,166775.46336206666,8218337.75,0.020293089482975635,23727,0.002887080176280173
834,QC,VOC,2016,226103.3406257248,8218337.75,0.02751205261985306,23727,0.002887080176280173
835,SK,NH3,2016,98164.50089404604,1133899.25,0.08657250712005149,23727,0.020925139513056384
836,SK,CO,2016,312051.9137879289,1133899.25,0.2752025047974314,23727,0.020925139513056384
837,SK,SOX,2016,126427.9440613816,1133899.25,0.11149839287871616,23727,0.020925139513056384
838,SK,NOX,2016,139377.047287074,1133899.25,0.12291836976439839,23727,0.020925139513056384
839,SK,VOC,2016,271196.47303612425,1133899.25,0.2391715781063655,23727,0.020925139513056384
840,NL,NH3,2016,938.259964516587,529297.25,0.0017726522563957909,23727,0.04482736307434055
841,NL,CO,2016,109503.77802955394,529297.25,0.20688522003383533,23727,0.04482736307434055
842,NL,SOX,2016,24587.26580567227,529297.25,0.0464526611571707,23727,0.04482736307434055
843,NL,NOX,2016,40377.54483747375,529297.25,0.0762851967159734,23727,0.04482736307434055
844,NL,VOC,2016,19073.09860994208,529297.25,0.036034758559471226,23727,0.04482736307434055
845,PE,NH3,2016,2653.2317483063302,146472.75,0.018114166275340158,23727,0.16198917546096459
846,PE,CO,2016,18865.77602648361,146472.75,0.1288005859552962,23727,0.16198917546096459
847,PE,SOX,2016,282.66682177374105,146472.75,0.0019298253209128731,23727,0.16198917546096459
848,PE,NOX,2016,3966.987301879808,146472.75,0.027083449323371124,23727,0.16198917546096459
849,PE,VOC,2016,4781.437877014899,146472.75,0.032643873191531524,23727,0.16198917546096459
850,AB,NH3,2017,124020.85788901642,4236279.75,0.02927588950871727,25867,0.006106065115270067
851,AB,CO,2017,1009269.6788974762,4236279.75,0.23824434136991926,25867,0.006106065115270067
852,AB,SOX,2017,241439.9996413067,4236279.75,0.05699340314843624,25867,0.006106065115270067
853,AB,NOX,2017,627271.8514718515,4236279.75,0.14807139482982715,25867,0.006106065115270067
854,AB,VOC,2017,474301.4225637558,4236279.75,0.11196178027755505,25867,0.006106065115270067
855,BC,NH3,2017,20144.785616232846,4920498.0,0.004094054223014184,25867,0.005256988215420472
856,BC,CO,2017,681319.8756605458,4920498.0,0.13846563410056173,25867,0.005256988215420472
857,BC,SOX,2017,71916.754088719,4920498.0,0.014615747042010584,25867,0.005256988215420472
858,BC,NOX,2017,215964.18070540996,4920498.0,0.04389071608308955,25867,0.005256988215420472
859,BC,VOC,2017,142284.0831581869,4920498.0,0.028916602172826184,25867,0.005256988215420472
860,ON,NH3,2017,87593.71242256698,14049773.75,0.006234528326306108,25867,0.0018410972632210535
861,ON,CO,2017,1260940.0232017273,14049773.75,0.08974806609976387,25867,0.0018410972632210535
862,ON,SOX,2017,175548.36930166202,14049773.75,0.01249474706321602,25867,0.0018410972632210535
863,ON,NOX,2017,269843.2429760107,14049773.75,0.019206234048858666,25867,0.0018410972632210535
864,ON,VOC,2017,336784.0428529576,14049773.75,0.023970780515448344,25867,0.0018410972632210535
865,MB,NH3,2017,57233.70401596893,1331974.0,0.04296908499412821,25867,0.019420048739690113
866,MB,CO,2017,158551.77195684653,1331974.0,0.11903518533908809,25867,0.019420048739690113
867,MB,SOX,2017,119304.97775974058,1331974.0,0.08957004998576593,25867,0.019420048739690113
868,MB,NOX,2017,40879.0531936511,1331974.0,0.030690578940468134,25867,0.019420048739690113
869,MB,VOC,2017,61764.25127347562,1331974.0,0.046370463142280265,25867,0.019420048739690113
870,NB,NH3,2017,3768.891210774329,765996.5,0.00492024599430197,25867,0.03376908380129674
871,NB,CO,2017,144053.1631754222,765996.5,0.1880598190401943,25867,0.03376908380129674
872,NB,SOX,2017,20858.526426266064,765996.5,0.02723057667530604,25867,0.03376908380129674
873,NB,NOX,2017,28405.157694397272,765996.5,0.03708262073573087,25867,0.03376908380129674
874,NB,VOC,2017,28728.6981592341,765996.5,0.037504999251607676,25867,0.03376908380129674
875,NS,NH3,2017,3444.455068224079,949279.5,0.003628494103395342,25867,0.02724908733413078
876,NS,CO,2017,129933.43316210048,949279.5,0.13687584442948625,25867,0.02724908733413078
877,NS,SOX,2017,66632.27048193001,949279.5,0.07019246753135405,25867,0.02724908733413078
878,NS,NOX,2017,39944.11302766402,949279.5,0.04207834787084733,25867,0.02724908733413078
879,NS,VOC,2017,31325.673186740845,949279.5,0.03299942028321569,25867,0.02724908733413078
880,QC,NH3,2017,61538.068602033054,8292216.75,0.007421184281275939,25867,0.0031194312425564612
881,QC,CO,2017,1295457.7500027556,8292216.75,0.15622574627017022,25867,0.0031194312425564612
882,QC,SOX,2017,111807.5120737345,8292216.75,0.013483428550481933,25867,0.0031194312425564612
883,QC,NOX,2017,173583.1162206372,8292216.75,0.02093325843425851,25867,0.0031194312425564612
884,QC,VOC,2017,224124.34361083523,8292216.75,0.027028278489082576,25867,0.0031194312425564612
885,SK,NH3,2017,100484.2495976012,1148654.25,0.08747997893848493,25867,0.022519396067180356
886,SK,CO,2017,315510.0551493471,1148654.25,0.2746780026708186,25867,0.022519396067180356
887,SK,SOX,2017,124923.19612953252,1148654.25,0.10875613451961938,25867,0.022519396067180356
888,SK,NOX,2017,143062.9198029895,1148654.25,0.12454828753124754,25867,0.022519396067180356
889,SK,VOC,2017,297402.25650182134,1148654.25,0.2589136430756438,25867,0.022519396067180356
890,NL,NH3,2017,914.0409876062596,528607.0,0.0017291503661628763,25867,0.048934274423153686
891,NL,CO,2017,81791.60826765123,528607.0,0.1547304675640906,25867,0.048934274423153686
892,NL,SOX,2017,22466.0622872428,528607.0,0.04250050091512749,25867,0.048934274423153686
893,NL,NOX,2017,41551.71862543191,528607.0,0.07860606958559366,25867,0.048934274423153686
894,NL,VOC,2017,21549.40385346929,528607.0,0.0407663989570121,25867,0.048934274423153686
895,PE,NH3,2017,2582.1140867039926,149704.75,0.017248043810927795,25867,0.1727867686229061
896,PE,CO,2017,21390.423187010885,149704.75,0.1428840647141182,25867,0.1727867686229061
897,PE,SOX,2017,322.4608218025625,149704.75,0.002153978559815654,25867,0.1727867686229061
898,PE,NOX,2017,4061.845976818248,149704.75,0.027132378744283318,25867,0.1727867686229061
899,PE,VOC,2017,5229.042038930636,149704.75,0.034929032237992694,25867,0.1727867686229061
900,AB,NH3,2018,130492.08344071465,4291624.75,0.03040621933236699,27465,0.006399674156040786
901,AB,CO,2018,1001193.5531940853,4291624.75,0.23329009676209114,27465,0.006399674156040786
902,AB,SOX,2018,225758.93672194,4291624.75,0.052604537878559864,27465,0.006399674156040786
903,AB,NOX,2018,625976.446078691,4291624.75,0.14586001399089962,27465,0.006399674156040786
904,AB,VOC,2018,501074.8373153089,4291624.75,0.11675644225775073,27465,0.006399674156040786
905,BC,NH3,2018,20962.112257326105,5000358.25,0.0041921220859177655,27465,0.005492606454747517
906,BC,CO,2018,693402.9002921798,5000358.25,0.13867064430677137,27465,0.005492606454747517
907,BC,SOX,2018,73356.01798952006,5000358.25,0.014670152481478713,27465,0.005492606454747517
908,BC,NOX,2018,223692.23969135195,5000358.25,0.04473524265813394,27465,0.005492606454747517
909,BC,VOC,2018,141676.0150762879,5000358.25,0.028333172943416186,27465,0.005492606454747517
910,ON,NH3,2018,87464.84544739642,14281018.25,0.006124552459513622,27465,0.0019231821932585234
911,ON,CO,2018,1282041.265185947,14281018.25,0.08977239877037109,27465,0.0019231821932585234
912,ON,SOX,2018,145351.3765603188,14281018.25,0.010177942077786982,27465,0.0019231821932585234
913,ON,NOX,2018,277779.95817863184,14281018.25,0.01945099105090996,27465,0.0019231821932585234
914,ON,VOC,2018,352142.71332500054,14281018.25,0.024658095603582085,27465,0.0019231821932585234
915,MB,NH3,2018,58363.658370399615,1350566.5,0.04321420557255019,27465,0.020335910893687945
916,MB,CO,2018,175415.19851004114,1350566.5,0.1298826814599956,27465,0.020335910893687945
917,MB,SOX,2018,40253.06972837922,1350566.5,0.029804581802065442,27465,0.020335910893687945
918,MB,NOX,2018,43003.84924884436,1350566.5,0.031841341576919285,27465,0.020335910893687945
919,MB,VOC,2018,64355.55982619489,1350566.5,0.04765078937334436,27465,0.020335910893687945
920,NB,NH3,2018,3666.7093767029855,769856.25,0.004762849397797297,27465,0.03567549136608295
921,NB,CO,2018,135304.17746888893,769856.25,0.175752521940153,27465,0.03567549136608295
922,NB,SOX,2018,22209.847969806466,769856.25,0.028849344237715114,27465,0.03567549136608295
923,NB,NOX,2018,27771.219372212767,769856.25,0.03607325311993345,27465,0.03567549136608295
924,NB,VOC,2018,28217.943814127648,769856.25,0.03665352306242581,27465,0.03567549136608295
925,NS,NH3,2018,3553.9920679907227,957577.25,0.003711441628328913,27465,0.028681759095676093
926,NS,CO,2018,133325.25577741535,957577.25,0.1392318539077817,27465,0.028681759095676093
927,NS,SOX,2018,64729.47057985132,957577.25,0.06759712658153827,27465,0.028681759095676093
928,NS,NOX,2018,40218.41774155385,957577.25,0.0420001809165306,27465,0.028681759095676093
929,NS,VOC,2018,32036.74743395419,957577.25,0.03345604486108478,27465,0.028681759095676093
930,QC,NH3,2018,66137.22237146636,8388648.75,0.007884132992392412,27465,0.003274067232818635
931,QC,CO,2018,1267079.3878455244,8388648.75,0.15104689987711362,27465,0.003274067232818635
932,QC,SOX,2018,96665.26219030752,8388648.75,0.011523341252106606,27465,0.003274067232818635
933,QC,NOX,2018,173272.6660459863,8388648.75,0.020655611077527388,27465,0.003274067232818635
934,QC,VOC,2018,233618.2548453813,8388648.75,0.027849330900329008,27465,0.003274067232818635
935,SK,NH3,2018,102697.63735440078,1160701.5,0.08847893911949005,27465,0.023662414496750456
936,SK,CO,2018,303197.20344263007,1160701.5,0.2612189296237061,27465,0.023662414496750456
937,SK,SOX,2018,123894.91956025518,1160701.5,0.10674141418810536,27465,0.023662414496750456
938,SK,NOX,2018,146170.15267162566,1160701.5,0.12593259565153114,27465,0.023662414496750456
939,SK,VOC,2018,288691.1464797793,1160701.5,0.24872126595837024,27465,0.023662414496750456
940,NL,NH3,2018,923.7939728304156,526307.0,0.0017552378608500657,27465,0.0521843714790037
941,NL,CO,2018,84396.20982526918,526307.0,0.16035547660447075,27465,0.0521843714790037
942,NL,SOX,2018,18589.12775885592,526307.0,0.03531993258470041,27465,0.0521843714790037
943,NL,NOX,2018,40353.207807653314,526307.0,0.07667237526320819,27465,0.0521843714790037
944,NL,VOC,2018,21469.79463172053,526307.0,0.04079329104822951,27465,0.0521843714790037
945,PE,NH3,2018,2692.1390421653387,153025.75,0.017592719148021418,27465,0.1794795973880213
946,PE,CO,2018,20655.81457330117,153025.75,0.13498260634763215,27465,0.1794795973880213
947,PE,SOX,2018,314.5218496758175,153025.75,0.0020553524467340793,27465,0.1794795973880213
948,PE,NOX,2018,4163.778412021345,153025.75,0.027209658583743877,27465,0.1794795973880213
949,PE,VOC,2018,5244.752020482734,153025.75,0.0342736566916531,27465,0.1794795973880213
950,AB,NH3,2019,131440.5311861856,4355711.25,0.030176594278646364,25580,0.005872749255359845
951,AB,CO,2019,992062.7619323296,4355711.25,0.22776137007069272,25580,0.005872749255359845
952,AB,SOX,2019,221287.8184768282,4355711.25,0.050804060640343915,25580,0.005872749255359845
953,AB,NOX,2019,625636.7223761571,4355711.25,0.14363594978343824,25580,0.005872749255359845
954,AB,VOC,2019,492636.6127706006,4355711.25,0.11310130183000551,25580,0.005872749255359845
955,BC,NH3,2019,21088.673201511338,5084827.75,0.004147372190043476,25580,0.005030652218258524
956,BC,CO,2019,679666.7428935495,5084827.75,0.13366563752204771,25580,0.005030652218258524
957,BC,SOX,2019,68922.92225545063,5084827.75,0.013554622819907838,25580,0.005030652218258524
958,BC,NOX,2019,220584.65206492456,5084827.75,0.04338094875778724,25580,0.005030652218258524
959,BC,VOC,2019,139949.588154865,5084827.75,0.027522975218750526,25580,0.005030652218258524
960,ON,NH3,2019,88773.94820957218,14519330.5,0.006114190196963433,25580,0.0017617892229948207
961,ON,CO,2019,1280203.8205470282,14519330.5,0.08817237272386824,25580,0.0017617892229948207
962,ON,SOX,2019,111352.91708671878,14519330.5,0.00766928730541114,25580,0.0017617892229948207
963,ON,NOX,2019,271466.7589484966,14519330.5,0.018696919871649495,25580,0.0017617892229948207
964,ON,VOC,2019,347154.5776211452,14519330.5,0.023909819920494624,25580,0.0017617892229948207
965,MB,NH3,2019,59197.97871464723,1367630.5,0.043285067651421365,25580,0.018703882371737104
966,MB,CO,2019,175841.30822345673,1367630.5,0.12857369605566468,25580,0.018703882371737104
967,MB,SOX,2019,2036.0494274113016,1367630.5,0.0014887423375036617,25580,0.018703882371737104
968,MB,NOX,2019,41662.90579090606,1367630.5,0.030463568771613426,25580,0.018703882371737104
969,MB,VOC,2019,63751.36961581039,1367630.5,0.04661446905126084,25580,0.018703882371737104
970,NB,NH3,2019,3660.218030763608,776155.5,0.004715830823544519,25580,0.03295731332187944
971,NB,CO,2019,125653.49784785636,776155.5,0.16189216960758038,25580,0.03295731332187944
972,NB,SOX,2019,19590.97929139317,776155.5,0.025241049366258657,25580,0.03295731332187944
973,NB,NOX,2019,26794.5082908475,776155.5,0.03452208776572156,25580,0.03295731332187944
974,NB,VOC,2019,26479.740130416994,776155.5,0.034116539959347054,25580,0.03295731332187944
975,NS,NH3,2019,3480.096009492529,969091.0,0.003591093106315639,25580,0.026395869944102257
976,NS,CO,2019,122440.59820813734,969091.0,0.12634582119546806,25580,0.026395869944102257
977,NS,SOX,2019,52819.356216597065,969091.0,0.054504021001739844,25580,0.026395869944102257
978,NS,NOX,2019,39106.6926944727,969091.0,0.04035399430442828,25580,0.026395869944102257
979,NS,VOC,2019,30892.15349106558,969091.0,0.03187745370771742,25580,0.026395869944102257
980,QC,NH3,2019,62828.06001226904,8490003.75,0.007400239371186266,25580,0.003012955088506292
981,QC,CO,2019,1262748.9517268634,8490003.75,0.14873361530928222,25580,0.003012955088506292
982,QC,SOX,2019,92153.69684401766,8490003.75,0.010854376459376435,25580,0.003012955088506292
983,QC,NOX,2019,175924.23218355278,8490003.75,0.020721337394409605,25580,0.003012955088506292
984,QC,VOC,2019,234461.6543031893,8490003.75,0.02761620150087558,25580,0.003012955088506292
985,SK,NH3,2019,101232.24785602144,1171687.5,0.08639867529185166,25580,0.021831759748226383
986,SK,CO,2019,297914.2473161422,1171687.5,0.25426083944408573,25580,0.021831759748226383
987,SK,SOX,2019,122700.54781818629,1171687.5,0.10472122286717771,25580,0.021831759748226383
988,SK,NOX,2019,144583.9461762432,1171687.5,0.12339804442416873,25580,0.021831759748226383
989,SK,VOC,2019,276055.140254964,1171687.5,0.23560474977753368,25580,0.021831759748226383
990,NL,NH3,2019,935.516643779568,524052.0,0.0017851599531717615,25580,0.04881194995916436
991,NL,CO,2019,84004.39281666109,524052.0,0.16029781933216758,25580,0.04881194995916436
992,NL,SOX,2019,20690.211060274352,524052.0,0.03948121762778189,25580,0.04881194995916436
993,NL,NOX,2019,41859.573454461606,524052.0,0.07987675546407914,25580,0.04881194995916436
994,NL,VOC,2019,20593.368329911234,524052.0,0.03929642159539747,25580,0.04881194995916436
995,PE,NH3,2019,2890.2042042704043,156841.75,0.018427518210364296,25580,0.16309432915661806
996,PE,CO,2019,21067.99997596865,156841.75,0.13432647860642113,25580,0.16309432915661806
997,PE,SOX,2019,320.0485112346038,156841.75,0.0020405823783182972,25580,0.16309432915661806
998,PE,NOX,2019,4182.269508062997,156841.75,0.026665537129386768,25580,0.16309432915661806
999,PE,VOC,2019,5424.803942804478,156841.75,0.034587754490143584,25580,0.16309432915661806
1000,AB,NH3,2020,133161.78812024335,4415366.5,0.03015871686308336,23255,0.005266833455388131
1001,AB,CO,2020,890235.0708604576,4415366.5,0.2016220105081781,23255,0.005266833455388131
1002,AB,SOX,2020,182536.32978225523,4415366.5,0.04134115022665847,23255,0.005266833455388131
1003,AB,NOX,2020,567697.196882858,4415366.5,0.12857306338734464,23255,0.005266833455388131
1004,AB,VOC,2020,456932.64826396375,4415366.5,0.10348691286758727,23255,0.005266833455388131
1005,BC,NH3,2020,22697.67325284205,5150767.0,0.004406658902031882,23255,0.004514861573043393
1006,BC,CO,2020,645152.2971299121,5150767.0,0.12525363642539297,23255,0.004514861573043393
1007,BC,SOX,2020,69915.38885010494,5150767.0,0.013573782089173309,23255,0.004514861573043393
1008,BC,NOX,2020,209468.75310248425,5150767.0,0.040667487599901964,23255,0.004514861573043393
1009,BC,VOC,2020,131210.9765895798,5150767.0,0.025474065627425935,23255,0.004514861573043393
1010,ON,NH3,2020,91940.16956188958,14726116.5,0.0062433411797258006,23255,0.0015791671891228077
1011,ON,CO,2020,1128215.7986825088,14726116.5,0.07661326043987964,23255,0.0015791671891228077
1012,ON,SOX,2020,112762.00341707269,14726116.5,0.007657280411782203,23255,0.0015791671891228077
1013,ON,NOX,2020,229260.22290267915,14726116.5,0.015568274426097277,23255,0.0015791671891228077
1014,ON,VOC,2020,308194.95906583115,14726116.5,0.02092846128616673,23255,0.0015791671891228077
1015,MB,NH3,2020,62579.30676476699,1379602.0,0.04536040594661865,23255,0.016856310733095486
1016,MB,CO,2020,168297.51026368298,1379602.0,0.12198990017677779,23255,0.016856310733095486
1017,MB,SOX,2020,1934.7061127179136,1379602.0,0.0014023654015563282,23255,0.016856310733095486
1018,MB,NOX,2020,38722.51151862305,1379602.0,0.028067885896528887,23255,0.016856310733095486
1019,MB,VOC,2020,60968.97021455503,1379602.0,0.044193158762132145,23255,0.016856310733095486
1020,NB,NH3,2020,3649.870430828568,782341.75,0.004665314654150271,23255,0.029724861289839127
1021,NB,CO,2020,110068.348905133,782341.75,0.14069087953587162,23255,0.029724861289839127
1022,NB,SOX,2020,12464.550380639332,782341.75,0.015932359970101725,23255,0.029724861289839127
1023,NB,NOX,2020,23737.029064915623,782341.75,0.030340997479574142,23255,0.029724861289839127
1024,NB,VOC,2020,23965.50653908715,782341.75,0.0306330405338679,23255,0.029724861289839127
1025,NS,NH3,2020,3484.3019490912147,980033.75,0.003555287712378492,23255,0.0237287746467915
1026,NS,CO,2020,116101.35871818698,980033.75,0.1184666943543393,23255,0.0237287746467915
1027,NS,SOX,2020,53271.94300725919,980033.75,0.05435725352036008,23255,0.0237287746467915
1028,NS,NOX,2020,33829.79038868492,980033.75,0.03451900548188766,23255,0.0237287746467915
1029,NS,VOC,2020,27927.4974219095,980033.75,0.028496464965527463,23255,0.0237287746467915
1030,QC,NH3,2020,63662.458882374594,8572519.75,0.007426341465398735,23255,0.0027127379904840696
1031,QC,CO,2020,1195876.6866946823,8572519.75,0.1395011876985973,23255,0.0027127379904840696
1032,QC,SOX,2020,99173.62223845931,8572519.75,0.011568783173519,23255,0.0027127379904840696
1033,QC,NOX,2020,154850.47104666324,8572519.75,0.01806358871866854,23255,0.0027127379904840696
1034,QC,VOC,2020,211654.48402008583,8572519.75,0.02468988001107677,23255,0.0027127379904840696
1035,SK,NH3,2020,101701.09717219404,1179189.5,0.08624661021167,23255,0.019721172890362407
1036,SK,CO,2020,278134.9378534839,1179189.5,0.23586958487459725,23255,0.019721172890362407
1037,SK,SOX,2020,106403.94824789609,1179189.5,0.09023481658197947,23255,0.019721172890362407
1038,SK,NOX,2020,129511.8784305268,1179189.5,0.10983126836740559,23255,0.019721172890362407
1039,SK,VOC,2020,213057.76851824767,1179189.5,0.18068153466278972,23255,0.019721172890362407
1040,NL,NH3,2020,930.0339937484376,521827.5,0.0017822632838408049,23255,0.044564535215181264
1041,NL,CO,2020,84009.58398031251,521827.5,0.16099110142779466,23255,0.044564535215181264
1042,NL,SOX,2020,11521.835143597256,521827.5,0.022079777596231046,23255,0.044564535215181264
1043,NL,NOX,2020,37882.78135900267,521827.5,0.07259636826154749,23255,0.044564535215181264
1044,NL,VOC,2020,19427.865916746152,521827.5,0.037230437101812675,23255,0.044564535215181264
1045,PE,NH3,2020,3203.4491502982933,160633.75,0.019942565932117587,23255,0.1447703237955909
1046,PE,CO,2020,20300.249504668816,160633.75,0.12637599199837404,23255,0.1447703237955909
1047,PE,SOX,2020,270.90450446877423,160633.75,0.0016864731382338657,23255,0.1447703237955909
1048,PE,NOX,2020,3301.916250755691,160633.75,0.020555557289521607,23255,0.1447703237955909
1049,PE,VOC,2020,5016.071168287363,160633.75,0.031226757566746487,23255,0.1447703237955909
